Id,Label,X,Y,Long axis,Short axis,Orientation,Length,Width
lttbsc0r1_sp1,isolated,25.45,151.88,0.75,0.7,90,0,0
lttbsc0r1_sp10,isolated,43.43,146.49,0.67,0.59,90,0,0
lttbsc0r1_sp11,Lamonte,48.38,148.31,0,0,0,4.06,0.64
lttbsc0r1_sp12,isolated,46.37,150.15,0.76,0.59,0,0,0
lttbsc0r1_sp13,connected,33.35,149.55,0.56,0.52,0,2.38,0.47
lttbsc0r1_sp14,isolated,26.64,149.46,0.75,0.71,90,0,0
lttbsc0r1_sp15,isolated,28.37,158.34,0.71,0.69,90,0,0
lttbsc0r1_sp16,Lamonte,27.48,147.57,0,0,0,2.07,0.74
lttbsc0r1_sp17,Lamonte,40.08,156.92,0,0,0,3.68,0.95
lttbsc0r1_sp18,Lamonte,36.44,157.58,0,0,0,3.54,0.51
lttbsc0r1_sp2,Lamonte,47.76,179.49,0,0,0,6.96,0.58
lttbsc0r1_sp3,Lamonte,41.07,173.39,0,0,0,4.97,0.46
lttbsc0r1_sp4,connected,48.03,166.81,0.36,0.3,90,1.55,0.46
lttbsc0r1_sp5,Lamonte,47.13,154.15,0,0,0,1.7,0.62
lttbsc0r1_sp6,Lamonte,44.21,153.16,0,0,0,1.58,0.79
lttbsc0r1_sp7,Lamonte,43.71,151.32,0,0,0,2.8,0.7
lttbsc0r1_sp8,connected,38.51,143.34,0.79,0.75,90,3.52,0.81
lttbsc0r1_sp9,isolated,41.28,146.1,0.73,0.55,90,0,0
lttbsc0r2_sp1,connected,10.98,129.57,0.72,0.69,0,4.63,0.67
lttbsc0r2_sp10,isolated,49.38,125.18,1.23,0.54,112.22,0,0
lttbsc0r2_sp11,connected,51.32,107.55,1.14,0.71,150.54,12.34,0.71
lttbsc0r2_sp12,connected,37,102.62,0.67,0.47,20.11,14.14,0.53
lttbsc0r2_sp13,Lamonte,48.36,99.38,0,0,0,3.64,0.73
lttbsc0r2_sp14,Lamonte,51.65,90.62,0,0,0,2.25,0.59
lttbsc0r2_sp15,Lamonte,43.36,73.77,0,0,0,11.02,0.7
lttbsc0r2_sp16,connected,50.56,73.13,0.65,0.52,90,5.22,0.72
lttbsc0r2_sp17,connected,51.43,68.56,1.37,0.62,0,1.53,0.7
lttbsc0r2_sp18,Lamonte,49.11,74.51,0,0,0,3.41,0.67
lttbsc0r2_sp19,connected,44.39,84.38,1.04,0.61,0,6.7,0.7
lttbsc0r2_sp2,Lamonte,37.79,125.24,0,0,0,3.68,0.65
lttbsc0r2_sp20,connected,45.85,79.39,1.19,0.78,29.72,4.46,1.06
lttbsc0r2_sp21,Lamonte,35.83,81.11,0,0,0,2.9,0.62
lttbsc0r2_sp22,connected,35.85,73.73,0.68,0.45,67.51,5.63,0.49
lttbsc0r2_sp23,connected,46.13,76.04,0.72,0.29,90,4.1,0.41
lttbsc0r2_sp24,Lamonte,37.09,84.46,0,0,0,5.53,0.74
lttbsc0r2_sp25,Lamonte,36.68,87.14,0,0,0,4.81,0.65
lttbsc0r2_sp26,Lamonte,33.44,91.61,0,0,0,4,0.54
lttbsc0r2_sp27,Lamonte,35.19,90.91,0,0,0,3.07,0.63
lttbsc0r2_sp28,isolated,42.81,88.16,0.97,0.58,64.87,0,0
lttbsc0r2_sp29,isolated,34.53,87.2,1.05,0.78,0,0,0
lttbsc0r2_sp3,connected,35.52,122.05,1.08,1.05,0,13.15,0.84
lttbsc0r2_sp30,Lamonte,35.7,93.56,0,0,0,8.51,0.82
lttbsc0r2_sp31,connected,27.65,93.27,0.82,0.38,90,3.53,0.68
lttbsc0r2_sp32,Lamonte,22.12,96.17,0,0,0,16.79,0.76
lttbsc0r2_sp33,connected,28.04,98.79,1.17,0.88,0,7.29,0.62
lttbsc0r2_sp34,Lamonte,30.42,104.23,0,0,0,8.86,0.58
lttbsc0r2_sp35,isolated,24.43,89.45,1.18,0.82,90,0,0
lttbsc0r2_sp36,Lamonte,12.4,101.84,0,0,0,4.68,0.51
lttbsc0r2_sp37,Lamonte,11.76,99.58,0,0,0,3.46,0.51
lttbsc0r2_sp38,Lamonte,10.46,97.66,0,0,0,2.14,0.51
lttbsc0r2_sp39,Lamonte,1.02,98.92,0,0,0,8.42,0.57
lttbsc0r2_sp4,connected,45.4,118.16,0.85,0.79,0,3.16,0.84
lttbsc0r2_sp40,Lamonte,3.9,101.58,0,0,0,3.87,0.61
lttbsc0r2_sp41,isolated,16.53,110.65,0.94,0.83,0,0,0
lttbsc0r2_sp42,isolated,28.26,114.29,0.87,0.68,42.66,0,0
lttbsc0r2_sp43,connected,29.18,119.94,0.31,0.29,90,3.38,0.7
lttbsc0r2_sp44,isolated,41.64,107.15,1.02,0.58,90,0,0
lttbsc0r2_sp45,connected,26.33,112.39,1.28,1.14,0,1.83,0.65
lttbsc0r2_sp47,isolated,48.99,76.33,0.58,0.4,117.74,0,0
lttbsc0r2_sp5,Lamonte,49.51,116.28,0,0,0,9.77,0.84
lttbsc0r2_sp6,Lamonte,41.73,109.68,0,0,0,6.16,0.67
lttbsc0r2_sp7,isolated,49.2,131.94,1.03,0.89,28.3,0,0
lttbsc0r2_sp8,Lamonte,42.17,134.64,0,0,0,5.27,0.82
lttbsc0r2_sp9,connected,50.95,129.32,1.08,0.71,0,1.83,0.65
lttbsc1r1_s30,isolated,103.54,163.88,0.84,0.51,90,0,0
lttbsc1r1_sp1,isolated,111.63,206.7,0.88,0.62,0,0,0
lttbsc1r1_sp10,connected,112.57,146.35,0.86,0.84,90,3.99,0.83
lttbsc1r1_sp11,Lamonte,109.64,142.65,0,0,0,3,0.63
lttbsc1r1_sp12,Lamonte,107.25,146.15,0,0,0,7.84,1.14
lttbsc1r1_sp13,isolated,114.54,155.91,0.71,0.58,0,0,0
lttbsc1r1_sp14,Lamonte,109.91,169.89,0,0,0,1.21,0.64
lttbsc1r1_sp15,connected,116.68,173.86,0.95,0.69,90,1.9,1.04
lttbsc1r1_sp16,isolated,114.28,182.25,0.93,0.78,90,0,0
lttbsc1r1_sp17,Lamonte,120.15,182.14,0,0,0,3.97,0.65
lttbsc1r1_sp18,isolated,121.3,190.18,1.27,1.03,90,0,0
lttbsc1r1_sp19,connected,94.17,186.01,0.96,0.72,0,3.86,0.88
lttbsc1r1_sp2,isolated,129.37,204.07,0.58,0.5,0,0,0
lttbsc1r1_sp20,isolated,96.67,181.78,1.14,0.64,90,0,0
lttbsc1r1_sp21,Lamonte,101.24,186.05,0,0,0,2.12,0.49
lttbsc1r1_sp22,Lamonte,99.84,181,0,0,0,3.68,0.75
lttbsc1r1_sp23,Lamonte,106.32,186.45,0,0,0,1.98,0.62
lttbsc1r1_sp24,Lamonte,106.3,184.11,0,0,0,2.6,0.63
lttbsc1r1_sp25,Lamonte,106.77,179.69,0,0,0,9.06,0.55
lttbsc1r1_sp26,isolated,99.93,171.8,1.02,0.89,90,0,0
lttbsc1r1_sp27,isolated,97.18,169.82,0.88,0.64,0,0,0
lttbsc1r1_sp28,Lamonte,99.68,167.35,0,0,0,1.61,0.38
lttbsc1r1_sp29,connected,93.61,162.69,0.54,0.52,0,5.68,0.61
lttbsc1r1_sp3,connected,116.71,208.04,0.54,0.5,0,1.44,0.46
lttbsc1r1_sp31,isolated,104.19,161.68,0.61,0.37,90,0,0
lttbsc1r1_sp32,isolated,101.94,143.41,0.97,0.72,90,0,0
lttbsc1r1_sp33,Lamonte,93.02,150.59,0,0,0,4.96,0.72
lttbsc1r1_sp34,connected,83.92,146.11,1.13,0.48,0,5.38,0.99
lttbsc1r1_sp35,connected,92.25,178.21,0.5,0.48,90,2.8,0.45
lttbsc1r1_sp36,isolated,92.01,190.39,0.87,0.62,0,0,0
lttbsc1r1_sp37,isolated,93.72,188.51,0.64,0.58,0,0,0
lttbsc1r1_sp38,isolated,96.42,194.39,1.11,0.69,0,0,0
lttbsc1r1_sp39,isolated,92.54,201.82,0.9,0.69,0,0,0
lttbsc1r1_sp4,isolated,115.26,201.57,0.94,0.73,90,0,0
lttbsc1r1_sp40,isolated,94.41,201.7,0.88,0.59,90,0,0
lttbsc1r1_sp41,connected,93.23,169.89,0.62,0.34,90,2.85,0.57
lttbsc1r1_sp42,Lamonte,85.76,156.25,0,0,0,2.56,0.38
lttbsc1r1_sp43,Lamonte,86.81,141.77,0,0,0,3.13,0.47
lttbsc1r1_sp44,isolated,84.81,137.16,0.94,0.5,90,0,0
lttbsc1r1_sp45,isolated,81.89,146.88,0.84,0.69,90,0,0
lttbsc1r1_sp46,isolated,79.07,149.8,0.79,0.47,90,0,0
lttbsc1r1_sp47,isolated,76.8,150.55,0.75,0.56,27.98,0,0
lttbsc1r1_sp48,connected,87.26,163.04,0.73,0.51,0,2.45,0.61
lttbsc1r1_sp49,isolated,74.52,173.9,1.1,0.55,90,0,0
lttbsc1r1_sp5,isolated,108.77,202.03,0.76,0.53,0,0,0
lttbsc1r1_sp50,isolated,78.26,177.39,0.7,0.69,90,0,0
lttbsc1r1_sp51,isolated,80.17,187.43,0.78,0.64,90,0,0
lttbsc1r1_sp52,Lamonte,81.83,170.93,0,0,0,1.23,0.55
lttbsc1r1_sp53,Lamonte,71.36,146.34,0,0,0,2.94,0.82
lttbsc1r1_sp54,Lamonte,64.2,138.43,0,0,0,2.91,0.59
lttbsc1r1_sp55,connected,63.83,143.54,0.6,0.39,0,3.4,0.46
lttbsc1r1_sp56,connected,71.81,154.76,0.84,0.66,0,4.59,0.84
lttbsc1r1_sp57,isolated,73.77,160.89,0.98,0.76,90,0,0
lttbsc1r1_sp58,connected,75.15,181.38,0.6,0.47,0,4.68,0.67
lttbsc1r1_sp59,Lamonte,70.52,191.2,0,0,0,5.17,0.77
lttbsc1r1_sp6,isolated,132.79,190.93,0.9,0.73,90,0,0
lttbsc1r1_sp60,isolated,68.63,172.58,0.62,0.61,90,0,0
lttbsc1r1_sp61,connected,77.83,147.4,0.72,0.59,125.13,3.51,0.56
lttbsc1r1_sp62,connected,65.05,160.42,0.93,0.49,49.43,2.73,0.69
lttbsc1r1_sp63,Lamonte,68.63,138.4,0,0,0,2.43,0.68
lttbsc1r1_sp64,connected,96.56,160.82,0.77,0.61,90,2.79,0.33
lttbsc1r1_sp7,connected,131.13,181.83,0.7,0.59,90,3.18,0.8
lttbsc1r1_sp8,isolated,130.44,162.94,0.9,0.73,90,0,0
lttbsc1r1_sp9,Lamonte,128.93,147.81,0,0,0,3.69,0.82
lttbsc1r2_sp1,Lamonte,127.76,129.66,0,0,0,3.4,0.5
lttbsc1r2_sp10,connected,119.31,129.47,0.59,0.45,0,4.02,0.5
lttbsc1r2_sp100,isolated,71.1,97.03,0.7,0.58,0,0,0
lttbsc1r2_sp101,Lamonte,68.19,108.16,0,0,0,4.19,0.68
lttbsc1r2_sp102,Lamonte,62.81,106.35,0,0,127.12,4.15,0.63
lttbsc1r2_sp103,connected,55.19,103.09,1.43,0.83,0,2.65,0.78
lttbsc1r2_sp104,isolated,55.78,104.38,1.26,1,0,0,0
lttbsc1r2_sp105,connected,56.83,113.28,0.78,0.69,0,8.79,0.48
lttbsc1r2_sp106,connected,64.28,104.15,1.3,0.6,18.33,3.24,0.76
lttbsc1r2_sp107,isolated,59.95,109.41,0.95,0.66,0,0,0
lttbsc1r2_sp108,connected,61.13,112.4,0.86,0.64,90,8.06,0.83
lttbsc1r2_sp109,connected,59.05,117.65,0.62,0.35,90,1.43,0.63
lttbsc1r2_sp11,Lamonte,123.37,107.49,0,0,0,4.36,0.7
lttbsc1r2_sp110,isolated,59.85,100.04,0.77,0.77,0,0,0
lttbsc1r2_sp111,isolated,59.11,102.38,0.77,0.72,0,0,0
lttbsc1r2_sp112,isolated,61.84,135.21,1.13,0.53,0,0,0
lttbsc1r2_sp113,Lamonte,61,132.26,0,0,0,3.53,0.62
lttbsc1r2_sp114,Lamonte,55.44,133.73,0,0,0,5.02,0.49
lttbsc1r2_sp115,Lamonte,55.38,128.68,0,0,0,2.81,0.62
lttbsc1r2_sp116,Lamonte,62.53,126.07,0,0,0,4.6,0.6
lttbsc1r2_sp117,Lamonte,62.18,128.93,0,0,0,9.24,0.68
lttbsc1r2_sp118,Lamonte,75.48,127.05,0,0,0,2.62,0.68
lttbsc1r2_sp119,Lamonte,78.73,131.89,0,0,0,5.39,0.69
lttbsc1r2_sp12,Lamonte,126.47,106.85,0,0,0,1.62,0.44
lttbsc1r2_sp120,connected,83.49,127.21,0.95,0.62,57.74,7.75,0.78
lttbsc1r2_sp121,Lamonte,76.38,120.71,0,0,0,3.68,0.69
lttbsc1r2_sp122,connected,65.51,128.72,0.99,0.69,117.51,0.75,0.71
lttbsc1r2_sp123,Lamonte,96.28,122.95,0,0,0,17.54,0.63
lttbsc1r2_sp124,isolated,80.16,106.82,1,0.83,90,0,0
lttbsc1r2_sp125,Lamonte,77.1,108.55,0,0,0,2.34,0.59
lttbsc1r2_sp126,Lamonte,80.08,133.28,0,0,0,3.5,0.77
lttbsc1r2_sp127,connected,89.79,135.03,0.75,0.59,90,4.03,0.61
lttbsc1r2_sp128,connected,86.99,129.44,0.44,0.39,90,3.2,0.51
lttbsc1r2_sp129,Lamonte,87.81,130.8,0,0,0,1.18,0.54
lttbsc1r2_sp13,Lamonte,123.84,104.98,0,0,0,1.87,0.57
lttbsc1r2_sp130,connected,93.02,129.59,0.6,0.51,90,1.76,0.64
lttbsc1r2_sp131,connected,88.99,127.29,0.5,0.34,0,1.91,0.45
lttbsc1r2_sp132,isolated,92.85,108.91,0.66,0.64,0,0,0
lttbsc1r2_sp134,Lamonte,77.08,125.34,0,0,0,2.61,0.64
lttbsc1r2_sp135,Lamonte,96.77,91.5,0,0,0,7.17,0.65
lttbsc1r2_sp136,Lamonte,95.13,68.49,0,0,0,2.08,0.71
lttbsc1r2_sp137,Lamonte,120.03,70.52,0,0,0,4.13,0.83
lttbsc1r2_sp138,Lamonte,115.96,63.06,0,0,0,2.8,0.5
lttbsc1r2_sp14,Lamonte,115.4,106.25,0,0,0,5.49,0.54
lttbsc1r2_sp15,isolated,122.83,100.58,1.13,0.73,0,0,0
lttbsc1r2_sp16,connected,124.56,100.56,0.94,0.7,0,5.86,0.6
lttbsc1r2_sp17,isolated,126.16,93.76,0.9,0.85,0,0,0
lttbsc1r2_sp18,Lamonte,124.83,92.71,0,0,0,5.56,0.6
lttbsc1r2_sp19,Lamonte,134.41,94.17,0,0,0,12.89,1.12
lttbsc1r2_sp2,connected,117.88,114.35,0.67,0.49,90,5.89,0.67
lttbsc1r2_sp20,Lamonte,129.16,106.45,0,0,0,3.68,0.71
lttbsc1r2_sp21,connected,130.77,116.45,0.78,0.72,90,2.71,0.75
lttbsc1r2_sp22,Lamonte,127.95,101.92,0,0,0,3.76,0.87
lttbsc1r2_sp23,Lamonte,130.61,106.69,0,0,0,6.1,0.97
lttbsc1r2_sp24,Lamonte,133.5,86.44,0,0,0,3.02,0.49
lttbsc1r2_sp25,Lamonte,118.03,95.01,0,0,0,5.05,0.57
lttbsc1r2_sp26,Lamonte,123.6,92.62,0,0,0,2.76,0.73
lttbsc1r2_sp27,Lamonte,124.51,90.82,0,0,0,3.85,0.52
lttbsc1r2_sp28,Lamonte,122.71,93.32,0,0,0,2.49,0.56
lttbsc1r2_sp29,Lamonte,120.34,95.99,0,0,0,2.59,0.66
lttbsc1r2_sp3,Lamonte,124.05,115.68,0,0,0,5.38,0.72
lttbsc1r2_sp30,connected,127.75,88.93,1.07,0.73,90,3.63,0.59
lttbsc1r2_sp31,Lamonte,123.82,88.3,0,0,0,4.12,0.99
lttbsc1r2_sp32,connected,128.32,74.83,1.03,0.51,0,4.23,0.69
lttbsc1r2_sp33,Lamonte,132.05,70.61,0,0,0,5.95,0.75
lttbsc1r2_sp34,Lamonte,130.46,62.97,0,0,0,3.98,0.6
lttbsc1r2_sp35,Lamonte,120.93,133.36,0,0,0,10.07,0.81
lttbsc1r2_sp36,Lamonte,113.93,114.62,0,0,0,4.65,0.49
lttbsc1r2_sp37,isolated,109.09,87.03,0.96,0.91,90,0,0
lttbsc1r2_sp38,connected,118.63,82.86,0.93,0.49,21.93,1.33,0.63
lttbsc1r2_sp39,Lamonte,98.21,85.24,0,0,0,10.66,0.81
lttbsc1r2_sp4,connected,123.86,113.89,0.47,0.35,49.5,4.24,0.63
lttbsc1r2_sp40,Lamonte,109.25,74.23,0,0,0,12.05,0.84
lttbsc1r2_sp41,Lamonte,114.17,133.55,0,0,0,1.4,0.3
lttbsc1r2_sp42,connected,110.7,121.72,0.96,0.71,90,5.99,0.67
lttbsc1r2_sp43,connected,106.32,122.36,0.85,0.4,90,2.83,0.84
lttbsc1r2_sp44,isolated,111.13,114.63,0.75,0.54,0,0,0
lttbsc1r2_sp45,isolated,122,118.55,0.71,0.54,90,0,0
lttbsc1r2_sp46,connected,107.57,118.27,0.91,0.6,0,3.21,0.55
lttbsc1r2_sp47,Lamonte,109.97,113.59,0,0,0,1.21,0.49
lttbsc1r2_sp48,connected,106.9,110.73,1.05,0.37,61.48,6.47,0.47
lttbsc1r2_sp49,connected,103.98,128.65,0.53,0.39,35.65,1.44,0.55
lttbsc1r2_sp5,connected,134.19,114.27,0.75,0.47,90,10.14,0.67
lttbsc1r2_sp50,Lamonte,96.47,108.37,0,0,0,10.2,0.68
lttbsc1r2_sp51,connected,115.52,118.32,0.89,0.58,152.39,2.52,0.68
lttbsc1r2_sp52,Lamonte,106.35,89.41,0,0,0,3.19,0.7
lttbsc1r2_sp53,Lamonte,101.02,64.15,0,0,0,1.8,0.53
lttbsc1r2_sp54,isolated,109.24,68.06,0.82,0.75,0,0,0
lttbsc1r2_sp55,Lamonte,94.37,78.19,0,0,0,3.36,0.65
lttbsc1r2_sp56,isolated,92.12,77.39,0.79,0.73,0,0,0
lttbsc1r2_sp57,connected,94.66,79.95,0.91,0.64,90,2.64,0.58
lttbsc1r2_sp58,connected,79.4,81.53,1.03,0.78,0,9.53,0.86
lttbsc1r2_sp59,connected,95.91,91.23,0.76,0.4,0,17.93,0.82
lttbsc1r2_sp6,connected,117.89,109.36,0.8,0.52,0,5.5,0.57
lttbsc1r2_sp60,connected,95.83,95.47,0.5,0.47,0,22.62,0.56
lttbsc1r2_sp61,connected,86.24,68.44,1.42,0.8,29.54,6.82,0.98
lttbsc1r2_sp62,connected,84.08,59.41,0.84,0.45,32.2,12.18,0.8
lttbsc1r2_sp63,connected,82.88,59.6,0.75,0.55,128.96,5.48,0.51
lttbsc1r2_sp64,connected,74.07,57.75,0.73,0.46,32.9,2.64,0.71
lttbsc1r2_sp65,isolated,72.92,58.98,1,0.73,60.16,0,0
lttbsc1r2_sp66,isolated,75.07,58.93,1.08,0.63,62.72,0,0
lttbsc1r2_sp67,isolated,80.05,59.48,0.81,0.74,90,0,0
lttbsc1r2_sp68,isolated,76.71,60.29,0.79,0.7,90,0,0
lttbsc1r2_sp69,isolated,74.8,60.13,0.89,0.72,90,0,0
lttbsc1r2_sp7,Lamonte,118.13,106.81,0,0,0,2.5,0.59
lttbsc1r2_sp70,connected,92.2,75.64,0.9,0.66,0,10.4,0.72
lttbsc1r2_sp71,isolated,85.14,71.97,0.6,0.48,90,0,0
lttbsc1r2_sp72,Lamonte,83.53,72.53,0,0,0,7.39,0.41
lttbsc1r2_sp73,Lamonte,80.17,72.84,0,0,0,9.85,0.77
lttbsc1r2_sp74,connected,76.74,72.73,0.75,0.45,129.71,3.35,0.43
lttbsc1r2_sp75,connected,65.34,74.07,1.05,0.68,122.1,4.66,0.61
lttbsc1r2_sp76,connected,68.48,69.57,0.65,0.58,90,4.9,0.64
lttbsc1r2_sp77,Lamonte,61.72,66.32,0,0,0,2.99,0.69
lttbsc1r2_sp78,Lamonte,60.21,65.8,0,0,0,6.9,0.51
lttbsc1r2_sp79,Lamonte,62.27,63.59,0,0,0,1.55,0.5
lttbsc1r2_sp8,connected,112.53,112.5,0.95,0.6,0,5.83,0.63
lttbsc1r2_sp80,connected,62.79,69.83,0.53,0.3,72.98,9.96,0.62
lttbsc1r2_sp81,Lamonte,125.36,66.34,0,0,0,4.16,0.7
lttbsc1r2_sp82,connected,58.35,78.75,0.94,0.56,0,8.65,0.67
lttbsc1r2_sp83,Lamonte,77.29,80.1,0,0,0,8.56,0.53
lttbsc1r2_sp84,isolated,85.57,84.73,0.95,0.36,62.43,0,0
lttbsc1r2_sp85,connected,68.13,90.09,1.24,0.76,90,6.37,0.6
lttbsc1r2_sp86,Lamonte,72.37,82.51,0,0,0,8.4,0.63
lttbsc1r2_sp87,connected,73.25,87.35,1.01,0.78,0,6.39,0.66
lttbsc1r2_sp88,connected,67.93,92.37,0.88,0.67,0,7.39,0.72
lttbsc1r2_sp89,connected,61.84,94.36,0.86,0.68,90,3.36,0.67
lttbsc1r2_sp9,Lamonte,125.24,119.77,0,0,0,4.36,0.39
lttbsc1r2_sp90,isolated,62.45,90.63,0.8,0.64,0,0,0
lttbsc1r2_sp91,connected,56.58,90.37,0.71,0.55,0,7.94,0.49
lttbsc1r2_sp92,connected,56.35,89.25,0.86,0.64,90,3.58,0.57
lttbsc1r2_sp93,isolated,59.75,95.25,0.76,0.76,0,0,0
lttbsc1r2_sp94,isolated,60.59,95.86,1.1,0.74,114.91,0,0
lttbsc1r2_sp95,connected,69.07,102.81,0.99,0.43,151.28,4.01,0.88
lttbsc1r2_sp96,connected,64.55,98.31,0.58,0.31,0,5.67,0.52
lttbsc1r2_sp97,isolated,84.9,93.72,1.09,0.82,0,0,0
lttbsc1r2_sp98,connected,77,92.43,0.55,0.48,0,5.42,0.46
lttbsc1r2_sp99,connected,75.21,90.78,0.75,0.6,145.17,3.21,0.59
lttbsc1r3_sp1,Lamonte,88.79,51.25,0,0,0,7.56,0.65
lttbsc1r3_sp2,Lamonte,119.25,50.99,0,0,0,6.7,0.47
lttbsc2r0_sp1,isolated,161.27,223.94,0.56,0.51,90,0,0
lttbsc2r0_sp10,isolated,178.24,223.38,0.67,0.34,90,0,0
lttbsc2r0_sp11,Lamonte,183.3,228.01,0,0,0,2.99,0.64
lttbsc2r0_sp12,Lamonte,188.35,228.73,0,0,0,1.79,0.45
lttbsc2r0_sp13,connected,194.15,225.63,0.57,0.42,0,5.21,0.5
lttbsc2r0_sp14,Lamonte,195.66,224.46,0,0,0,5.02,0.51
lttbsc2r0_sp15,Lamonte,195.81,233.58,0,0,0,2.4,0.77
lttbsc2r0_sp16,Lamonte,212.63,235,0,0,0,9.27,0.51
lttbsc2r0_sp17,connected,204,232.64,1.19,0.33,90,1.94,0.62
lttbsc2r0_sp18,Lamonte,210.28,224.12,0,0,0,1.66,0.56
lttbsc2r0_sp19,Lamonte,208.46,222.43,0,0,0,1.43,0.61
lttbsc2r0_sp2,Lamonte,162.64,224.02,0,0,0,3.78,0.44
lttbsc2r0_sp20,connected,215.63,219.26,1.19,0.55,29.19,2.59,0.95
lttbsc2r0_sp21,connected,214.38,219.9,0.74,0.62,90,1.06,0.7
lttbsc2r0_sp22,isolated,212.08,245.66,0.94,0.52,90,0,0
lttbsc2r0_sp23,Lamonte,194.5,234.74,0,0,0,2.26,0.56
lttbsc2r0_sp24,connected,202.77,239.3,0.73,0.48,158.51,3.93,0.53
lttbsc2r0_sp3,isolated,158.06,226.49,0.98,0.58,0,0,0
lttbsc2r0_sp4,connected,186.49,223.52,0.97,0.86,0,3.03,0.8
lttbsc2r0_sp5,connected,170.6,221.84,0.49,0.29,90,4.8,0.43
lttbsc2r0_sp6,isolated,172.06,220.51,0.5,0.4,0,0,0
lttbsc2r0_sp7,Lamonte,171.18,220.71,0,0,0,4.17,0.53
lttbsc2r0_sp8,connected,177.06,224.93,0.57,0.3,90,1.63,0.62
lttbsc2r0_sp9,Lamonte,182.1,223.88,0,0,0,4.68,0.72
lttbsc2r1_sp1,connected,141.28,209.85,0.47,0.43,90,2.79,0.49
lttbsc2r1_sp10,Lamonte,147.65,208.8,0,0,0,8.94,0.76
lttbsc2r1_sp100,connected,204.08,143.18,0.88,0.63,90,2.85,0.51
lttbsc2r1_sp101,isolated,149.23,150.39,1.17,0.94,90,0,0
lttbsc2r1_sp102,isolated,151.83,150.83,1.33,1.03,90,0,0
lttbsc2r1_sp103,Lamonte,162.82,168.91,0,0,0,7.93,0.4
lttbsc2r1_sp104,isolated,157.16,206.07,0.9,0.65,90,0,0
lttbsc2r1_sp11,connected,155.13,213.91,1.1,0.96,90,4.92,0.67
lttbsc2r1_sp12,Lamonte,156.24,214.77,0,0,0,3.96,0.79
lttbsc2r1_sp13,Lamonte,156.12,205.3,0,0,0,4.18,0.5
lttbsc2r1_sp14,Lamonte,159.55,208.47,0,0,0,3.26,0.71
lttbsc2r1_sp15,connected,183.88,204.52,0.78,0.64,0,22.39,0.69
lttbsc2r1_sp16,Lamonte,179.51,211.08,0,0,0,16.24,0.55
lttbsc2r1_sp17,isolated,184.4,205.75,0.72,0.53,0,0,0
lttbsc2r1_sp18,connected,185.77,207.01,0.42,0.37,0,3.36,0.48
lttbsc2r1_sp19,connected,181.89,213.79,0.45,0.4,90,3.19,0.54
lttbsc2r1_sp2,Lamonte,141.37,208.68,0,0,0,1.76,0.41
lttbsc2r1_sp20,connected,189.3,206.48,0.6,0.4,23.79,3.32,0.44
lttbsc2r1_sp21,connected,188.13,205.22,0.94,0.84,90,5.13,0.49
lttbsc2r1_sp22,connected,190.21,206.5,0.95,0.53,0,5.35,0.57
lttbsc2r1_sp23,Lamonte,189.19,202.53,0,0,0,4.61,0.61
lttbsc2r1_sp24,connected,190.2,198.9,0.88,0.78,90,8.27,0.62
lttbsc2r1_sp25,connected,212.73,203.03,0.88,0.5,62.1,8.93,0.6
lttbsc2r1_sp26,connected,211.37,208.42,0.59,0.47,90,3.65,0.6
lttbsc2r1_sp27,connected,212.83,213.61,0.75,0.56,90,3.48,0.68
lttbsc2r1_sp28,connected,205.33,215.98,0.79,0.62,90,2.21,0.72
lttbsc2r1_sp29,Lamonte,204.04,199.68,0,0,0,3.15,0.66
lttbsc2r1_sp3,Lamonte,138.26,207.92,0,0,0,4.24,0.59
lttbsc2r1_sp30,Lamonte,213.79,203.69,0,0,0,3.08,0.81
lttbsc2r1_sp31,Lamonte,215.64,198.33,0,0,0,4.22,0.81
lttbsc2r1_sp32,connected,207.86,195.91,1.09,0.57,14.93,2.52,0.48
lttbsc2r1_sp33,Lamonte,205.4,197.97,0,0,0,4.48,0.62
lttbsc2r1_sp34,Lamonte,196.19,193.26,0,0,0,8.84,0.65
lttbsc2r1_sp35,Lamonte,193.84,188.06,0,0,0,3.8,0.7
lttbsc2r1_sp36,Lamonte,191.86,191.68,0,0,0,1.69,0.66
lttbsc2r1_sp37,connected,188.43,198.45,0.59,0.5,0,1.68,0.51
lttbsc2r1_sp38,isolated,185.51,192.43,1.36,0.71,78.67,0,0
lttbsc2r1_sp39,Lamonte,185.84,198.29,0,0,0,2.55,0.69
lttbsc2r1_sp4,connected,143.66,210.41,0.92,0.49,51.44,3.8,0.5
lttbsc2r1_sp40,Lamonte,185.16,198.5,0,0,0,2.61,0.6
lttbsc2r1_sp42,Lamonte,179.82,191.55,0,0,0,3.18,0.55
lttbsc2r1_sp43,Lamonte,180.71,190.13,0,0,0,3.73,0.63
lttbsc2r1_sp44,connected,186.71,200.38,0.76,0.63,0,17.52,0.7
lttbsc2r1_sp45,connected,168.5,204.39,0.89,0.75,90,10.75,0.67
lttbsc2r1_sp46,connected,164.33,213.66,0.78,0.69,90,4.33,0.88
lttbsc2r1_sp47,connected,164.33,216.15,0.89,0.78,0,2.33,0.57
lttbsc2r1_sp48,Lamonte,164.82,187.01,0,0,0,3.55,0.6
lttbsc2r1_sp49,Lamonte,179.33,183.81,0,0,0,5.15,0.65
lttbsc2r1_sp5,connected,148.48,207.09,0.83,0.73,90,1.63,0.72
lttbsc2r1_sp50,connected,174.4,186.93,0.76,0.58,144.43,7.48,0.71
lttbsc2r1_sp51,connected,152.88,186.22,1.22,0.85,60.17,9.56,0.79
lttbsc2r1_sp52,Lamonte,154.88,196.11,0,0,0,1.66,0.54
lttbsc2r1_sp53,Lamonte,148.6,189.1,0,0,0,2.12,0.63
lttbsc2r1_sp54,Lamonte,177.5,183.82,0,0,0,3.79,0.59
lttbsc2r1_sp55,Lamonte,189.45,189.21,0,0,0,2.26,0.47
lttbsc2r1_sp56,Lamonte,203.57,193.51,0,0,0,3.56,0.68
lttbsc2r1_sp57,Lamonte,202.28,185.7,0,0,0,13.32,0.62
lttbsc2r1_sp58,Lamonte,200.21,175.31,0,0,0,3.17,0.72
lttbsc2r1_sp59,Lamonte,185.26,172.5,0,0,0,19.14,0.7
lttbsc2r1_sp6,connected,144.44,204.12,0.56,0.44,0,3.26,0.55
lttbsc2r1_sp60,Lamonte,202.37,181.2,0,0,0,13.78,0.69
lttbsc2r1_sp61,Lamonte,207.71,190.42,0,0,0,2.27,0.88
lttbsc2r1_sp62,isolated,210.52,179.59,0.97,0.7,90,0,0
lttbsc2r1_sp63,connected,203.01,176.43,0.76,0.55,90,2.95,0.66
lttbsc2r1_sp64,Lamonte,200.11,172.5,0,0,0,4.9,0.64
lttbsc2r1_sp65,Lamonte,203.61,177.84,0,0,0,3.38,0.47
lttbsc2r1_sp66,connected,200.48,176.99,0.64,0.63,90,8.81,0.51
lttbsc2r1_sp67,connected,212.74,172.17,0.42,0.37,0,6.88,0.75
lttbsc2r1_sp68,isolated,211.23,171.86,1.05,0.93,0,0,0
lttbsc2r1_sp69,Lamonte,205.99,169.87,0,0,0,8.87,0.72
lttbsc2r1_sp7,Lamonte,151.4,205.47,0,0,0,2.99,0.63
lttbsc2r1_sp70,connected,203.4,166.2,0.65,0.62,0,3.67,0.51
lttbsc2r1_sp71,isolated,185.17,168.47,0.87,0.79,90,0,0
lttbsc2r1_sp72,Lamonte,181.77,170.41,0,0,0,5.15,0.63
lttbsc2r1_sp73,Lamonte,171.04,164.85,0,0,0,10.44,0.59
lttbsc2r1_sp74,Lamonte,170.09,173.4,0,0,0,5.52,0.51
lttbsc2r1_sp75,Lamonte,176.35,169.3,0,0,0,9.68,0.75
lttbsc2r1_sp76,connected,154.81,158.08,0.42,0.38,91.12,6.91,0.46
lttbsc2r1_sp77,isolated,155.46,157.69,0.76,0.45,90,0,0
lttbsc2r1_sp78,isolated,154.64,157.57,0.69,0.49,90,0,0
lttbsc2r1_sp79,connected,167.73,178.19,1,0.57,90,4.75,0.68
lttbsc2r1_sp8,Lamonte,145.34,202.11,0,0,0,2.04,0.62
lttbsc2r1_sp80,connected,188.58,163.12,0.75,0.6,0,9.06,0.74
lttbsc2r1_sp81,connected,208.35,165.24,1.27,0.5,54.71,4.04,0.8
lttbsc2r1_sp82,Lamonte,184.34,149.58,0,0,0,9.52,0.51
lttbsc2r1_sp83,Lamonte,185.18,151.9,0,0,0,5.18,0.65
lttbsc2r1_sp84,Lamonte,186.54,149.17,0,0,0,7.17,0.59
lttbsc2r1_sp85,Lamonte,173.76,149.58,0,0,0,4.94,0.67
lttbsc2r1_sp86,Lamonte,167.44,144.77,0,0,0,13.12,1.08
lttbsc2r1_sp87,connected,156.21,140.41,0.7,0.5,90,2.88,0.49
lttbsc2r1_sp88,connected,155.78,141.7,0.57,0.35,90,6.76,0.46
lttbsc2r1_sp89,connected,154.87,140.23,0.91,0.76,90,4.07,0.66
lttbsc2r1_sp9,Lamonte,154.24,213,0,0,0,4.18,0.41
lttbsc2r1_sp90,connected,152.13,140.79,0.54,0.54,0,3.22,0.61
lttbsc2r1_sp91,Lamonte,150.83,142.36,0,0,0,5.06,0.61
lttbsc2r1_sp92,connected,142.63,139.96,0.75,0.6,90,7.38,0.55
lttbsc2r1_sp93,connected,136.85,150.62,0.69,0.67,90,8.91,0.63
lttbsc2r1_sp94,connected,141.58,138.23,0.76,0.62,90,1.59,0.84
lttbsc2r1_sp95,isolated,162.72,141.19,0.71,0.42,90,0,0
lttbsc2r1_sp96,Lamonte,172.42,140.78,0,0,0,6.01,1.18
lttbsc2r1_sp97,Lamonte,186.82,139.98,0,0,0,4.66,0.6
lttbsc2r1_sp98,Lamonte,192.56,139.08,0,0,0,4.49,0.48
lttbsc2r1_sp99,Lamonte,196.41,144.25,0,0,0,3.01,0.52
lttbsc2r2_sp1,Lamonte,142.7,129.64,0,0,0,6.29,0.68
lttbsc2r2_sp10,Lamonte,201.92,133.7,0,0,0,3.73,0.42
lttbsc2r2_sp11,Lamonte,201.27,122.46,0,0,0,11.49,0.53
lttbsc2r2_sp12,Lamonte,177.81,128.58,0,0,0,5.03,0.69
lttbsc2r2_sp13,connected,187.11,132.98,1.05,0.85,90,4.16,0.79
lttbsc2r2_sp14,Lamonte,160.55,121.81,0,0,0,1.62,0.5
lttbsc2r2_sp15,Lamonte,145.79,116.63,0,0,0,7.83,0.49
lttbsc2r2_sp16,Lamonte,194.92,121.92,0,0,0,5.4,1.1
lttbsc2r2_sp17,Lamonte,197.7,124.43,0,0,0,7.1,0.6
lttbsc2r2_sp18,Lamonte,175.97,126.06,0,0,0,4.74,0.74
lttbsc2r2_sp19,connected,145.71,110.68,1.01,0.76,90,1.92,0.6
lttbsc2r2_sp2,Lamonte,138.74,122.99,0,0,0,9.21,0.54
lttbsc2r2_sp20,connected,142.16,101.13,0.83,0.57,90,23.83,0.74
lttbsc2r2_sp21,connected,196.99,112.59,1.07,1,90,10.42,0.89
lttbsc2r2_sp22,Lamonte,162.51,102.27,0,0,0,24.81,0.72
lttbsc2r2_sp23,isolated,179.12,99.16,0.56,0.4,90,0,0
lttbsc2r2_sp24,isolated,179.36,98.04,0.51,0.46,0,0,0
lttbsc2r2_sp25,isolated,181.49,97.29,0.91,0.51,65.31,0,0
lttbsc2r2_sp26,isolated,183.08,96.57,0.85,0.44,0,0,0
lttbsc2r2_sp27,Lamonte,213.24,102.43,0,0,0,5.06,0.33
lttbsc2r2_sp28,Lamonte,213.83,98.15,0,0,0,2.57,0.48
lttbsc2r2_sp29,connected,168.73,94.19,0.82,0.66,33.29,1.91,0.63
lttbsc2r2_sp3,Lamonte,143.15,122.36,0,0,0,5.14,0.63
lttbsc2r2_sp30,Lamonte,176.04,98.07,0,0,0,9.69,0.52
lttbsc2r2_sp31,connected,160.08,84.06,0.88,0.5,90,11.67,0.72
lttbsc2r2_sp32,Lamonte,152.98,88.68,0,0,0,5.73,0.63
lttbsc2r2_sp33,connected,153.09,92.9,0.65,0.36,90,7.88,0.71
lttbsc2r2_sp34,Lamonte,144.22,97.34,0,0,0,11.34,0.58
lttbsc2r2_sp35,isolated,147.7,108.94,1.1,0.68,90,0,0
lttbsc2r2_sp36,Lamonte,150.78,111.45,0,0,0,4.55,0.55
lttbsc2r2_sp37,connected,184.64,99.76,1.27,0.5,90,4.23,0.7
lttbsc2r2_sp38,Lamonte,208.64,90.56,0,0,0,5.45,0.5
lttbsc2r2_sp39,Lamonte,201.13,89.72,0,0,0,15.67,0.43
lttbsc2r2_sp4,connected,152.48,122.57,0.81,0.54,90,12.89,0.79
lttbsc2r2_sp40,connected,202.63,85.11,0.59,0.39,0,4.75,0.64
lttbsc2r2_sp41,isolated,204.24,89.53,0.66,0.32,90,0,0
lttbsc2r2_sp42,isolated,206.34,87.37,0.52,0.42,0,0,0
lttbsc2r2_sp43,connected,200.09,86.69,0.65,0.4,90,3.79,0.49
lttbsc2r2_sp44,connected,205.34,84.13,0.68,0.62,0,8.75,0.54
lttbsc2r2_sp45,connected,190.89,83.65,0.77,0.55,0,2.44,0.72
lttbsc2r2_sp46,isolated,188.37,87.16,0.68,0.52,22.11,0,0
lttbsc2r2_sp47,Lamonte,138.85,89.44,0,0,0,7.83,0.85
lttbsc2r2_sp48,Lamonte,138.48,76.46,0,0,0,3.91,0.51
lttbsc2r2_sp49,Lamonte,145.15,73.31,0,0,0,3.53,0.62
lttbsc2r2_sp5,Lamonte,139.9,121.92,0,0,0,6.84,0.48
lttbsc2r2_sp50,Lamonte,143.94,74.21,0,0,0,7.9,0.5
lttbsc2r2_sp51,connected,148.69,75.08,0.75,0.5,90,3.6,0.75
lttbsc2r2_sp52,Lamonte,142.47,76.87,0,0,0,7.17,0.7
lttbsc2r2_sp53,Lamonte,155.51,78.56,0,0,0,3.72,0.47
lttbsc2r2_sp54,Lamonte,154.51,114.14,0,0,0,6.72,0.64
lttbsc2r2_sp55,Lamonte,206.86,79.91,0,0,0,10.06,0.69
lttbsc2r2_sp56,Lamonte,204.09,82.66,0,0,0,4.25,0.56
lttbsc2r2_sp57,isolated,213.29,85.27,0.41,0.34,90,0,0
lttbsc2r2_sp58,Lamonte,211.24,83.71,0,0,0,3.52,0.34
lttbsc2r2_sp59,connected,214.57,80.43,0.55,0.49,0,1.11,0.36
lttbsc2r2_sp6,Lamonte,168.76,133.18,0,0,0,7.91,0.37
lttbsc2r2_sp60,connected,208.6,72.02,0.83,0.69,90,3.77,0.61
lttbsc2r2_sp61,isolated,205.15,72.04,0.73,0.62,0,0,0
lttbsc2r2_sp62,Lamonte,198.71,81.05,0,0,0,4.4,0.55
lttbsc2r2_sp63,Lamonte,193.27,77.43,0,0,0,3.55,0.43
lttbsc2r2_sp64,connected,179.21,75.35,0.48,0.48,0,3.24,0.57
lttbsc2r2_sp65,Lamonte,137.43,66.81,0,0,0,5.49,0.36
lttbsc2r2_sp66,Lamonte,145.19,57.4,0,0,0,11.33,0.64
lttbsc2r2_sp67,Lamonte,147.02,61.99,0,0,0,4.53,0.53
lttbsc2r2_sp68,Lamonte,149.5,58.78,0,0,0,6.56,0.53
lttbsc2r2_sp69,Lamonte,135.91,57.69,0,0,0,9.09,0.81
lttbsc2r2_sp7,Lamonte,196.82,125.55,0,0,0,8.35,0.59
lttbsc2r2_sp70,isolated,138.61,55.49,0.95,0.89,90,0,0
lttbsc2r2_sp71,Lamonte,148.62,62.56,0,0,0,9.14,0.67
lttbsc2r2_sp72,Lamonte,157.68,65.36,0,0,0,7.69,0.63
lttbsc2r2_sp73,Lamonte,173.59,58.75,0,0,0,3.58,0.39
lttbsc2r2_sp74,Lamonte,191.45,68.5,0,0,0,9.4,0.74
lttbsc2r2_sp75,Lamonte,196.71,55.91,0,0,0,2.92,0.53
lttbsc2r2_sp76,Lamonte,194.89,72.97,0,0,0,4.25,0.58
lttbsc2r2_sp77,Lamonte,213.07,65.37,0,0,0,2.19,0.44
lttbsc2r2_sp8,Lamonte,190.63,129.85,0,0,0,5.66,0.6
lttbsc2r2_sp9,Lamonte,204.52,128.57,0,0,0,3.09,0.64
lttbsc2r3_sp1,Lamonte,162.37,50.23,0,0,0,8.66,0.53
lttbsc2r3_sp10,Lamonte,189.54,45.03,0,0,0,3,0.58
lttbsc2r3_sp11,Lamonte,205.71,43.29,0,0,0,9.45,0.43
lttbsc2r3_sp12,Lamonte,201.94,40.01,0,0,0,1.42,0.36
lttbsc2r3_sp13,Lamonte,205.12,39.1,0,0,0,6.39,0.51
lttbsc2r3_sp14,Lamonte,214.35,41.52,0,0,0,5.62,0.67
lttbsc2r3_sp15,Lamonte,211.3,53.54,0,0,0,5,0.39
lttbsc2r3_sp16,Lamonte,213.79,39.85,0,0,0,4.83,0.51
lttbsc2r3_sp17,Lamonte,212.72,51.6,0,0,0,3.02,0.44
lttbsc2r3_sp18,Lamonte,181.81,39.97,0,0,0,7.41,0.55
lttbsc2r3_sp19,connected,169.53,50.29,0.75,0.51,154.94,3.29,0.6
lttbsc2r3_sp2,isolated,160.46,53.72,1.15,0.71,90,0,0
lttbsc2r3_sp20,Lamonte,174.9,51.68,0,0,0,4.75,0.26
lttbsc2r3_sp3,Lamonte,161.65,45.7,0,0,0,1.92,0.79
lttbsc2r3_sp4,Lamonte,158.19,41.26,0,0,0,3.88,0.45
lttbsc2r3_sp5,Lamonte,181.03,48.45,0,0,0,6.18,0.48
lttbsc2r3_sp6,Lamonte,172.65,42.97,0,0,0,3.16,0.27
lttbsc2r3_sp7,connected,189,47.87,0.72,0.53,0,7.92,0.59
lttbsc2r3_sp8,connected,181.57,42.72,0.59,0.52,90,2.36,0.57
lttbsc2r3_sp9,Lamonte,178.24,43.61,0,0,0,6.35,0.56
lttbsc3r0_sp1,connected,244.3,266.42,0.98,0.68,0,8.45,0.88
lttbsc3r0_sp10,isolated,277.14,258.95,0.7,0.3,90,0,0
lttbsc3r0_sp100,Lamonte,225.92,221.11,0,0,0,1.7,0.62
lttbsc3r0_sp101,connected,223.37,223.2,0.61,0.41,0,7.51,0.44
lttbsc3r0_sp102,isolated,217.88,218.92,0.8,0.65,126.37,0,0
lttbsc3r0_sp103,Lamonte,217.62,221.45,0,0,0,2.8,0.43
lttbsc3r0_sp104,Lamonte,217.23,226.4,0,0,0,11.18,0.56
lttbsc3r0_sp105,Lamonte,224.5,229,0,0,0,1.01,0.6
lttbsc3r0_sp106,connected,217.27,227.93,0.69,0.64,0,4.14,0.43
lttbsc3r0_sp107,connected,228.16,234.3,0.44,0.43,0,4.05,0.43
lttbsc3r0_sp108,Lamonte,218.55,232.33,0,0,0,2.23,0.47
lttbsc3r0_sp109,Lamonte,226.01,239.8,0,0,0,1.43,0.25
lttbsc3r0_sp11,Lamonte,281.56,259.85,0,0,0,1.48,0.53
lttbsc3r0_sp110,isolated,281.9,220.33,0.71,0.49,0,0,0
lttbsc3r0_sp12,connected,280.01,257.21,0.81,0.41,0,3.39,0.53
lttbsc3r0_sp13,Lamonte,285.15,253.09,0,0,0,2.27,0.41
lttbsc3r0_sp14,Lamonte,289.55,253.94,0,0,0,4.68,0.42
lttbsc3r0_sp15,Lamonte,289.63,249.18,0,0,0,6.83,1.02
lttbsc3r0_sp16,Lamonte,295.96,245.83,0,0,0,1.29,0.53
lttbsc3r0_sp17,Lamonte,290.36,242.7,0,0,0,3.49,0.48
lttbsc3r0_sp18,Lamonte,288.1,244.27,0,0,0,3.24,0.43
lttbsc3r0_sp19,Lamonte,294.63,243.99,0,0,0,2.82,0.56
lttbsc3r0_sp2,isolated,257.26,258.75,1.03,0.87,90,0,0
lttbsc3r0_sp20,Lamonte,292.89,238.27,0,0,0,5.14,0.41
lttbsc3r0_sp21,isolated,282.79,249.75,0.63,0.62,0,0,0
lttbsc3r0_sp22,isolated,279.58,249.85,0.94,0.58,0,0,0
lttbsc3r0_sp23,isolated,275.83,249.1,0.8,0.55,90,0,0
lttbsc3r0_sp24,Lamonte,288.03,249.91,0,0,0,4.35,0.54
lttbsc3r0_sp25,Lamonte,271.8,252.59,0,0,0,6.1,0.4
lttbsc3r0_sp26,Lamonte,263.67,250,0,0,0,3.95,0.49
lttbsc3r0_sp27,isolated,261.49,247.28,1.05,0.81,0,0,0
lttbsc3r0_sp28,Lamonte,265.43,240.22,0,0,0,3.73,0.48
lttbsc3r0_sp29,Lamonte,256.54,246.85,0,0,0,4.25,0.54
lttbsc3r0_sp3,isolated,258.96,257.98,0.82,0.71,90,0,0
lttbsc3r0_sp30,isolated,256.6,247.87,0.68,0.54,90,0,0
lttbsc3r0_sp31,Lamonte,254.78,258.26,0,0,0,1.99,0.46
lttbsc3r0_sp32,isolated,250.88,254.27,0.67,0.56,90,0,0
lttbsc3r0_sp33,isolated,247.7,253.37,1.09,1.01,0,0,0
lttbsc3r0_sp34,isolated,247.77,255.67,0.84,0.83,90,0,0
lttbsc3r0_sp35,isolated,246.3,252.06,0.89,0.54,90,0,0
lttbsc3r0_sp35a,isolated,243.16,252,0.64,0.54,0,0,0
lttbsc3r0_sp36,isolated,243.8,256.81,0.78,0.66,90,0,0
lttbsc3r0_sp37,isolated,240.13,249.71,0.98,0.67,127.49,0,0
lttbsc3r0_sp38,Lamonte,233.68,250.4,0,0,0,3.97,0.52
lttbsc3r0_sp39,Lamonte,230.61,250.03,0,0,0,3.28,0.4
lttbsc3r0_sp4,isolated,266.54,262.76,1.14,0.71,0,0,0
lttbsc3r0_sp40,Lamonte,228.63,246.32,0,0,0,2.47,0.33
lttbsc3r0_sp41,isolated,242.98,240.91,1.39,0.61,90,0,0
lttbsc3r0_sp42,connected,252.87,242.01,0.41,0.39,90,2.86,0.44
lttbsc3r0_sp44,Lamonte,257.39,235.66,0,0,0,7.15,0.65
lttbsc3r0_sp45,isolated,256.9,239.96,0.76,0.7,90,0,0
lttbsc3r0_sp46,Lamonte,261.19,238.88,0,0,0,2.27,0.47
lttbsc3r0_sp47,isolated,260.66,241.12,0.68,0.48,90,0,0
lttbsc3r0_sp48,Lamonte,274.78,241.06,0,0,0,2.29,0.41
lttbsc3r0_sp49,Lamonte,279.74,239.83,0,0,0,1.37,0.42
lttbsc3r0_sp5,connected,266.9,257.98,1.03,0.8,90,3.94,0.6
lttbsc3r0_sp50,connected,283.13,240.36,0.38,0.38,0,1.11,0.45
lttbsc3r0_sp51,connected,286.29,236.01,0.35,0.34,90,4.95,0.56
lttbsc3r0_sp52,isolated,288.23,227.78,0.82,0.56,38.12,0,0
lttbsc3r0_sp53,connected,286.2,225.63,1.03,0.8,90,2.73,0.51
lttbsc3r0_sp54,Lamonte,294.59,234.68,0,0,0,1.24,0.39
lttbsc3r0_sp55,Lamonte,289.09,221.14,0,0,0,9.23,0.45
lttbsc3r0_sp56,Lamonte,295.43,220.4,0,0,0,2.25,0.64
lttbsc3r0_sp57,connected,287.57,223.94,0.87,0.69,90,2,0.57
lttbsc3r0_sp58,Lamonte,294.01,221.71,0,0,0,3.3,0.53
lttbsc3r0_sp59,Lamonte,281,232.45,0,0,0,1.94,0.3
lttbsc3r0_sp6,isolated,268.75,257.18,0.98,0.91,90,0,0
lttbsc3r0_sp60,Lamonte,281.22,233.32,0,0,0,2.88,0.3
lttbsc3r0_sp61,Lamonte,279.2,228.62,0,0,0,3.64,0.37
lttbsc3r0_sp62,connected,288.63,218.62,0.68,0.6,90,1.52,0.38
lttbsc3r0_sp63,Lamonte,277.61,236.55,0,0,0,4.86,0.53
lttbsc3r0_sp64,Lamonte,274.97,228.84,0,0,0,2.14,0.41
lttbsc3r0_sp65,Lamonte,284.08,245.08,0,0,0,2.01,0.43
lttbsc3r0_sp66,Lamonte,272.1,230.8,0,0,0,3.87,0.41
lttbsc3r0_sp67,Lamonte,267.69,228.57,0,0,0,2.09,0.5
lttbsc3r0_sp68,connected,267.01,233.79,0.72,0.52,90,7.89,0.65
lttbsc3r0_sp69,isolated,264.77,232.71,0.83,0.61,90,0,0
lttbsc3r0_sp7,Lamonte,273.31,256.77,0,0,0,3.4,0.65
lttbsc3r0_sp70,Lamonte,268.85,227.54,0,0,0,2.36,0.39
lttbsc3r0_sp71,connected,271.09,222.45,0.68,0.57,0,6.81,0.52
lttbsc3r0_sp72,Lamonte,264.51,218.26,0,0,0,0.83,0.47
lttbsc3r0_sp73,Lamonte,261.77,219,0,0,0,1.59,0.45
lttbsc3r0_sp74,isolated,259.06,221.16,1.27,0.71,55.29,0,0
lttbsc3r0_sp75,Lamonte,260.59,222.65,0,0,0,4.78,0.68
lttbsc3r0_sp76,connected,263.51,225.64,0.95,0.8,90,1.8,0.4
lttbsc3r0_sp77,isolated,263.98,228.85,0.68,0.48,113.32,0,0
lttbsc3r0_sp78,Lamonte,262.08,230.2,0,0,0,3.75,0.41
lttbsc3r0_sp79,Lamonte,255.34,233.76,0,0,0,5.81,0.55
lttbsc3r0_sp8,Lamonte,276.74,263.33,0,0,0,3.85,0.66
lttbsc3r0_sp80,connected,254.97,231.79,0.98,0.71,90,3.73,0.46
lttbsc3r0_sp81,Lamonte,250.72,231.44,0,0,0,2.41,0.61
lttbsc3r0_sp82,Lamonte,246.27,224.71,0,0,0,4.66,0.55
lttbsc3r0_sp83,Lamonte,252.83,227.07,0,0,0,6.02,1.14
lttbsc3r0_sp84,Lamonte,251.2,219.38,0,0,0,4.39,0.42
lttbsc3r0_sp85,Lamonte,249.47,222.46,0,0,0,1.86,0.48
lttbsc3r0_sp86,Lamonte,242.48,235.85,0,0,0,3.4,0.59
lttbsc3r0_sp87,isolated,243.16,233.63,1.06,0.62,90,0,0
lttbsc3r0_sp88,Lamonte,245.21,234.59,0,0,0,1.94,0.63
lttbsc3r0_sp89,Lamonte,236.46,219.74,0,0,0,3.83,0.93
lttbsc3r0_sp9,Lamonte,274.71,264.47,0,0,0,2.56,0.68
lttbsc3r0_sp90,isolated,238.38,219.69,0.56,0.43,90,0,0
lttbsc3r0_sp91,Lamonte,239.28,219.97,0,0,0,0.96,0.35
lttbsc3r0_sp92,connected,247.32,239.2,0.46,0.46,0,3.19,0.41
lttbsc3r0_sp93,isolated,237.97,235.64,0.6,0.44,159.8,0,0
lttbsc3r0_sp94,Lamonte,233.71,235.61,0,0,0,4.71,0.51
lttbsc3r0_sp95,isolated,234.79,219.2,0.76,0.45,90,0,0
lttbsc3r0_sp96,isolated,234.88,218.19,0.51,0.32,90,0,0
lttbsc3r0_sp97,Lamonte,224.14,221.85,0,0,0,4.82,0.56
lttbsc3r0_sp98,Lamonte,228.88,223.75,0,0,0,5.55,0.46
lttbsc3r0_sp99,Lamonte,227.12,217.57,0,0,0,4.33,0.6
lttbsc3r1_sp1,Lamonte,222.87,212.6,0,0,0,4.76,0.71
lttbsc3r1_sp10,Lamonte,241.23,214.54,0,0,0,7.82,0.53
lttbsc3r1_sp100,isolated,280.22,164.7,0.93,0.66,0,0,0
lttbsc3r1_sp101,isolated,294.34,156.16,1.13,0.89,90,0,0
lttbsc3r1_sp102,isolated,295.92,153.36,0.74,0.58,63.07,0,0
lttbsc3r1_sp103,Lamonte,256.71,162.5,0,0,0,4.17,0.62
lttbsc3r1_sp104,Lamonte,272.63,164.97,0,0,0,3.76,0.43
lttbsc3r1_sp105,Lamonte,263.61,153.66,0,0,0,5.76,0.46
lttbsc3r1_sp106,Lamonte,260.98,149.6,0,0,0,2.39,0.35
lttbsc3r1_sp107,connected,259.03,139.41,0.58,0.42,90,2,0.46
lttbsc3r1_sp108,connected,251.87,142.01,0.48,0.31,0,1.55,0.32
lttbsc3r1_sp109,Lamonte,249.41,140.97,0,0,0,1.24,0.33
lttbsc3r1_sp11,Lamonte,239.65,206.82,0,0,0,7.16,0.64
lttbsc3r1_sp110,isolated,236.02,139,1.31,1.29,0,0,0
lttbsc3r1_sp111,isolated,237.81,138.34,1.03,0.79,0,0,0
lttbsc3r1_sp112,Lamonte,237.56,139.81,0,0,0,5.88,0.5
lttbsc3r1_sp113,Lamonte,250.38,151.1,0,0,0,2.9,0.41
lttbsc3r1_sp114,Lamonte,250.9,151.03,0,0,0,2.31,0.51
lttbsc3r1_sp115,connected,251.82,153.25,0.42,0.39,0,2.76,0.3
lttbsc3r1_sp116,Lamonte,251.86,154.84,0,0,0,2.35,0.29
lttbsc3r1_sp117,connected,241.66,153.69,0.54,0.42,90,2.6,0.38
lttbsc3r1_sp118,isolated,242.02,151.11,0.78,0.63,90,0,0
lttbsc3r1_sp119,Lamonte,242.72,150.85,0,0,0,2.61,0.33
lttbsc3r1_sp12,connected,243.05,206,0.58,0.47,90,2.41,0.44
lttbsc3r1_sp120,Lamonte,244.43,158.47,0,0,0,3.25,0.28
lttbsc3r1_sp121,Lamonte,242.83,156.79,0,0,0,2.82,0.31
lttbsc3r1_sp122,connected,253.23,159.88,0.31,0.28,90,1.07,0.35
lttbsc3r1_sp123,connected,257.41,158.77,0.41,0.39,90,1.79,0.24
lttbsc3r1_sp124,Lamonte,258.17,154.9,0,0,0,4.83,0.36
lttbsc3r1_sp125,connected,257.11,167.27,0.91,0.64,29.15,0.78,0.6
lttbsc3r1_sp126,Lamonte,266.24,168.45,0,0,0,7.09,0.4
lttbsc3r1_sp127,isolated,278.68,160.88,0.51,0.36,59.38,0,0
lttbsc3r1_sp128,isolated,282.21,149.21,0.65,0.47,0,0,0
lttbsc3r1_sp129,isolated,286.79,148.2,0.89,0.74,90,0,0
lttbsc3r1_sp13,Lamonte,244.71,212.82,0,0,0,3.81,0.54
lttbsc3r1_sp130,isolated,285.26,139.82,0.56,0.38,90,0,0
lttbsc3r1_sp131,isolated,282.45,139.64,0.85,0.6,90,0,0
lttbsc3r1_sp132,isolated,255.97,185.27,0.73,0.54,0,0,0
lttbsc3r1_sp133,isolated,274.16,194.42,0.83,0.62,0,0,0
lttbsc3r1_sp134,Lamonte,251.35,166.4,0,0,0,2.87,0.68
lttbsc3r1_sp135,isolated,247.81,175.57,1.44,0.93,0,0,0
lttbsc3r1_sp136,Lamonte,239.31,174.23,0,0,0,2.91,0.39
lttbsc3r1_sp137,Lamonte,242.18,184.06,0,0,0,2.18,0.47
lttbsc3r1_sp138,Lamonte,239.08,187.54,0,0,0,3.92,0.38
lttbsc3r1_sp139,Lamonte,239.2,179.47,0,0,0,4.5,0.41
lttbsc3r1_sp14,Lamonte,248.78,214.18,0,0,0,1.9,0.69
lttbsc3r1_sp140,Lamonte,285.39,190.17,0,0,0,5.03,0.45
lttbsc3r1_sp141,Lamonte,291.43,188.24,0,0,0,1.63,0.4
lttbsc3r1_sp142,connected,288.16,176.33,0.87,0.53,90,4.07,0.53
lttbsc3r1_sp143,connected,294.13,173.06,0.93,0.65,0,1.94,0.51
lttbsc3r1_sp144,Lamonte,294.72,171.39,0,0,0,2.28,0.5
lttbsc3r1_sp145,isolated,290.98,172.42,0.64,0.54,90,0,0
lttbsc3r1_sp146,Lamonte,293.76,166.79,0,0,0,1.77,0.47
lttbsc3r1_sp147,Lamonte,293.5,165.55,0,0,0,3.35,0.43
lttbsc3r1_sp148,connected,283.6,175.09,0.39,0.38,0,1.27,0.47
lttbsc3r1_sp149,Lamonte,245.93,170.66,0,0,0,4.27,0.33
lttbsc3r1_sp15,Lamonte,248.21,205.39,0,0,0,7.57,0.55
lttbsc3r1_sp150,isolated,254.98,170.14,1.07,0.48,90,0,0
lttbsc3r1_sp151,connected,249.84,188.72,0.81,0.53,0,2.98,0.24
lttbsc3r1_sp16,Lamonte,248.25,210.42,0,0,0,3.35,0.34
lttbsc3r1_sp17,connected,252.34,213.49,0.41,0.34,51.19,2.07,0.43
lttbsc3r1_sp18,connected,243.39,201.97,0.84,0.6,90,1.64,0.44
lttbsc3r1_sp19,connected,240.91,200.45,0.8,0.5,156.97,1.35,0.36
lttbsc3r1_sp2,connected,221.09,196.13,1.07,0.72,90,16.27,0.63
lttbsc3r1_sp20,Lamonte,236.85,202.88,0,0,0,1.58,0.34
lttbsc3r1_sp21,Lamonte,256.51,209.12,0,0,0,5.75,1.08
lttbsc3r1_sp22,Lamonte,259.96,210.02,0,0,0,11.35,0.65
lttbsc3r1_sp23,Lamonte,266.84,196.8,0,0,0,13.32,0.5
lttbsc3r1_sp25,Lamonte,266.01,213.38,0,0,0,2.06,0.35
lttbsc3r1_sp26,Lamonte,260.74,209.26,0,0,0,7.74,0.66
lttbsc3r1_sp27,Lamonte,263.17,200.81,0,0,0,4.21,0.59
lttbsc3r1_sp28,isolated,257.37,204.24,0.98,0.51,90,0,0
lttbsc3r1_sp29,isolated,270.79,216.17,0.89,0.36,90,0,0
lttbsc3r1_sp3,Lamonte,218.79,197.08,0,0,0,8.47,0.56
lttbsc3r1_sp30,Lamonte,269.59,215.98,0,0,0,2.27,0.49
lttbsc3r1_sp31,connected,268.77,212.62,0.46,0.27,0,2.91,0.25
lttbsc3r1_sp32,Lamonte,276.07,210.87,0,0,0,2.99,0.55
lttbsc3r1_sp33,connected,279.19,199.08,0.63,0.52,90,3.3,0.77
lttbsc3r1_sp34,connected,282.33,211.42,0.68,0.65,0,1.28,0.24
lttbsc3r1_sp35,isolated,280.31,210.55,1.18,0.74,0,0,0
lttbsc3r1_sp36,connected,291.02,202.99,0.76,0.61,0,9.25,0.55
lttbsc3r1_sp37,Lamonte,290.27,213.07,0,0,0,7.52,0.55
lttbsc3r1_sp38,connected,286.47,208.33,0.83,0.63,90,10.55,0.53
lttbsc3r1_sp39,Lamonte,287.74,211.12,0,0,0,4.85,0.51
lttbsc3r1_sp4,connected,226.28,204.5,0.48,0.45,90,2.23,0.46
lttbsc3r1_sp40,isolated,289.86,208.56,0.48,0.29,0,0,0
lttbsc3r1_sp41,connected,290.04,205.91,0.48,0.48,0,1.81,0.63
lttbsc3r1_sp42,isolated,291.57,204.7,0.68,0.56,50.12,0,0
lttbsc3r1_sp43,isolated,292.99,203.92,0.64,0.54,90,0,0
lttbsc3r1_sp44,connected,293.68,205.47,0.68,0.6,125.36,1.78,0.54
lttbsc3r1_sp45,Lamonte,295.54,203.51,0,0,0,2.89,0.37
lttbsc3r1_sp46,Lamonte,296.49,203.44,0,0,0,4,0.34
lttbsc3r1_sp47,Lamonte,294.4,204.06,0,0,0,1.23,0.56
lttbsc3r1_sp48,connected,296.47,206.18,0.85,0.41,90,0.76,0.72
lttbsc3r1_sp49,Lamonte,289.59,213.92,0,0,0,5.76,0.47
lttbsc3r1_sp5,Lamonte,222.87,208.99,0,0,0,3.45,0.5
lttbsc3r1_sp50,Lamonte,289.69,210.39,0,0,0,5.67,0.52
lttbsc3r1_sp51,isolated,292.04,211.5,0.95,0.83,90,0,0
lttbsc3r1_sp52,Lamonte,296.74,216.65,0,0,0,4.35,0.48
lttbsc3r1_sp53,isolated,287,212.91,0.72,0.56,0,0,0
lttbsc3r1_sp54,isolated,287.52,215.01,0.65,0.56,0,0,0
lttbsc3r1_sp55,isolated,289.77,216.59,0.64,0.53,0,0,0
lttbsc3r1_sp56,Lamonte,281.52,216.89,0,0,0,2.21,0.44
lttbsc3r1_sp57,Lamonte,292.45,215.93,0,0,0,3.39,0.51
lttbsc3r1_sp58,isolated,295.97,210.79,0.62,0.48,0,0,0
lttbsc3r1_sp59,isolated,291.27,214.42,0.64,0.56,0,0,0
lttbsc3r1_sp6,connected,228.73,203.37,0.93,0.63,0,3.62,0.54
lttbsc3r1_sp60,connected,289.35,198.72,0.81,0.48,90,4.6,0.61
lttbsc3r1_sp61,connected,294.77,201.48,0.88,0.59,0,7.24,0.36
lttbsc3r1_sp62,Lamonte,293.64,196.48,0,0,0,3.72,0.39
lttbsc3r1_sp63,Lamonte,295.7,194.44,0,0,0,4.25,0.41
lttbsc3r1_sp64,connected,288.58,204.71,0.51,0.39,0,2.75,0.35
lttbsc3r1_sp65,connected,284.26,205.65,0.66,0.57,90,3.76,0.37
lttbsc3r1_sp66,connected,291.09,195.14,1.43,0.68,33.96,6.29,0.78
lttbsc3r1_sp67,connected,280.04,197.29,1.14,0.76,90,1.91,0.62
lttbsc3r1_sp68,connected,275.08,196.99,0.9,0.61,19.87,2.58,0.25
lttbsc3r1_sp69,Lamonte,283.06,194.82,0,0,0,4.72,0.66
lttbsc3r1_sp7,Lamonte,225.12,195.63,0,0,0,4.52,0.5
lttbsc3r1_sp70,isolated,264.63,195,0.87,0.82,0,0,0
lttbsc3r1_sp71,connected,264.74,192.78,0.69,0.52,90,3.31,0.59
lttbsc3r1_sp72,isolated,257.05,195.35,0.75,0.64,0,0,0
lttbsc3r1_sp73,Lamonte,254.3,195.58,0,0,0,5.1,0.56
lttbsc3r1_sp74,Lamonte,252.99,197.13,0,0,0,8.54,0.51
lttbsc3r1_sp75,Lamonte,248.41,199.57,0,0,0,1.97,0.41
lttbsc3r1_sp76,isolated,254.25,200.13,0.88,0.73,0,0,0
lttbsc3r1_sp77,Lamonte,255.76,188.53,0,0,0,4.54,0.59
lttbsc3r1_sp78,isolated,256.43,191.42,0.81,0.62,126.57,0,0
lttbsc3r1_sp79,isolated,221.54,194.25,0.95,0.79,90,0,0
lttbsc3r1_sp8,isolated,233.51,208.39,1.05,0.77,120.44,0,0
lttbsc3r1_sp80,Lamonte,220.33,192.95,0,0,0,4.02,0.58
lttbsc3r1_sp81,Lamonte,220.66,185.39,0,0,0,3.71,0.52
lttbsc3r1_sp82,connected,223.76,182.66,0.98,0.72,0,1.6,0.47
lttbsc3r1_sp83,Lamonte,218.25,182.28,0,0,0,6.45,0.51
lttbsc3r1_sp84,Lamonte,253.94,180.73,0,0,0,7.77,0.65
lttbsc3r1_sp85,Lamonte,255.17,186.61,0,0,0,7.72,0.44
lttbsc3r1_sp86,Lamonte,246.04,185.94,0,0,0,2.98,0.46
lttbsc3r1_sp87,Lamonte,251.37,185.6,0,0,0,6.49,0.64
lttbsc3r1_sp88,isolated,250.95,187.93,0.49,0.37,0,0,0
lttbsc3r1_sp89,Lamonte,259.64,190.23,0,0,0,2.69,0.37
lttbsc3r1_sp9,Lamonte,238.6,213.84,0,0,0,1.38,0.42
lttbsc3r1_sp90,Lamonte,274.6,185.9,0,0,0,2.7,0.29
lttbsc3r1_sp91,Lamonte,287.87,185.56,0,0,0,6.23,0.5
lttbsc3r1_sp92,Lamonte,292.66,189.22,0,0,0,5.53,0.55
lttbsc3r1_sp94,isolated,286.09,182.32,0.63,0.5,90,0,0
lttbsc3r1_sp95,isolated,274.24,190.92,0.69,0.58,90,0,0
lttbsc3r1_sp96,Lamonte,279.08,172.83,0,0,0,2.14,0.48
lttbsc3r1_sp97,Lamonte,271.93,166.1,0,0,0,3.74,0.44
lttbsc3r1_sp98,Lamonte,293.59,169.32,0,0,0,4.77,0.54
lttbsc3r1_sp99,connected,263.88,171.12,0.73,0.68,0,2.25,0.89
lttbsc3r2_sp1,Lamonte,229.72,131.37,0,0,0,3.3,0.31
lttbsc3r2_sp10,Lamonte,267.34,126.28,0,0,0,4.71,0.53
lttbsc3r2_sp100,isolated,238.11,86.56,0.84,0.75,0,0,0
lttbsc3r2_sp101,Lamonte,236.5,83.98,0,0,0,3.19,0.51
lttbsc3r2_sp102,Lamonte,234.35,85.25,0,0,0,1.65,0.84
lttbsc3r2_sp103,Lamonte,240.87,84.06,0,0,0,1.35,0.58
lttbsc3r2_sp104,Lamonte,226.39,87.72,0,0,0,3.1,0.72
lttbsc3r2_sp105,connected,221.51,84.9,0.72,0.51,48.07,4.45,0.34
lttbsc3r2_sp106,Lamonte,217.59,87.94,0,0,0,1.45,0.42
lttbsc3r2_sp107,connected,223.86,81.85,0.52,0.29,46.73,1,0.3
lttbsc3r2_sp108,Lamonte,236.02,81.42,0,0,0,7.57,0.5
lttbsc3r2_sp109,Lamonte,234.97,80.95,0,0,0,0.76,0.33
lttbsc3r2_sp11,Lamonte,277.13,126,0,0,0,4.64,0.19
lttbsc3r2_sp110,Lamonte,232.8,74.13,0,0,0,10.86,0.6
lttbsc3r2_sp111,Lamonte,232.21,83.61,0,0,0,5.61,0.48
lttbsc3r2_sp112,Lamonte,242.69,86.09,0,0,0,3.54,0.4
lttbsc3r2_sp113,Lamonte,246.84,82.58,0,0,0,4.04,0.56
lttbsc3r2_sp114,Lamonte,248.72,87.05,0,0,0,2.15,0.51
lttbsc3r2_sp115,isolated,286.15,73.51,0.96,0.73,90,0,0
lttbsc3r2_sp116,isolated,284.78,72.58,0.7,0.64,90,0,0
lttbsc3r2_sp117,connected,288.9,76.03,0.54,0.44,0,1.02,0.32
lttbsc3r2_sp118,Lamonte,289.73,70.3,0,0,0,0.75,0.48
lttbsc3r2_sp119,Lamonte,291.89,71.9,0,0,0,3.4,0.36
lttbsc3r2_sp12,connected,285.88,124.86,1.01,0.67,90,5.29,0.61
lttbsc3r2_sp120,Lamonte,292.92,67.29,0,0,0,1.05,0.35
lttbsc3r2_sp121,Lamonte,295.9,64.07,0,0,0,0.97,0.5
lttbsc3r2_sp122,connected,276.9,71.41,0.73,0.73,0,4.27,0.43
lttbsc3r2_sp123,Lamonte,272,85.32,0,0,0,1.67,0.57
lttbsc3r2_sp124,Lamonte,275.49,70.12,0,0,0,13.78,0.49
lttbsc3r2_sp125,Lamonte,278.19,69.48,0,0,0,11.07,0.43
lttbsc3r2_sp126,Lamonte,271.79,73.73,0,0,0,1.44,0.32
lttbsc3r2_sp127,Lamonte,246.58,66.91,0,0,0,14.75,0.44
lttbsc3r2_sp128,Lamonte,254.01,65.48,0,0,0,1.63,0.62
lttbsc3r2_sp129,connected,249.96,70.2,0.82,0.55,108.29,1.21,0.51
lttbsc3r2_sp13,isolated,291.43,125.77,1.11,0.78,90,0,0
lttbsc3r2_sp130,Lamonte,250.24,72.07,0,0,0,1.46,0.48
lttbsc3r2_sp131,Lamonte,247.83,70.58,0,0,0,1.5,0.4
lttbsc3r2_sp132,connected,252.42,70.26,0.97,0.56,0,6.94,0.58
lttbsc3r2_sp133,Lamonte,261.34,73.93,0,0,0,6.77,0.38
lttbsc3r2_sp134,connected,267.76,73.25,0.69,0.57,51.33,3.71,0.29
lttbsc3r2_sp135,Lamonte,265.84,69.76,0,0,0,3.66,0.45
lttbsc3r2_sp136,Lamonte,267.14,65.09,0,0,0,5.56,0.33
lttbsc3r2_sp137,Lamonte,246.69,70.64,0,0,0,3.92,0.31
lttbsc3r2_sp138,Lamonte,243.01,69.29,0,0,0,2.18,0.43
lttbsc3r2_sp139,Lamonte,241.45,65.63,0,0,0,4.21,0.54
lttbsc3r2_sp14,isolated,291.78,130.36,1.44,0.83,90,0,0
lttbsc3r2_sp140,Lamonte,235.21,64.78,0,0,0,1.58,0.69
lttbsc3r2_sp141,isolated,237.35,62.99,0.95,0.56,90,0,0
lttbsc3r2_sp142,Lamonte,227.85,68.2,0,0,0,5.66,0.42
lttbsc3r2_sp143,isolated,220.46,71.72,1.03,0.69,0,0,0
lttbsc3r2_sp144,Lamonte,217.59,75.85,0,0,0,1.83,0.41
lttbsc3r2_sp145,Lamonte,218.55,74.32,0,0,0,1.41,0.3
lttbsc3r2_sp146,Lamonte,218.42,83.72,0,0,0,1.47,0.25
lttbsc3r2_sp147,Lamonte,242.53,57.91,0,0,0,3.7,0.54
lttbsc3r2_sp148,Lamonte,264.56,58.95,0,0,0,9.26,0.82
lttbsc3r2_sp149,Lamonte,276.94,65.84,0,0,0,3.73,0.39
lttbsc3r2_sp15,Lamonte,288.09,120.99,0,0,0,5.83,0.46
lttbsc3r2_sp150,isolated,278.03,65.71,0.57,0.33,0,0,0
lttbsc3r2_sp151,Lamonte,282.56,64.68,0,0,0,2.13,0.58
lttbsc3r2_sp152,connected,288.96,60.06,0.74,0.57,0,2.71,0.5
lttbsc3r2_sp153,connected,290.62,55.81,0.61,0.56,90,1.07,0.42
lttbsc3r2_sp154,connected,292.29,55.11,0.58,0.56,90,0.41,0.41
lttbsc3r2_sp155,connected,284.81,56.71,0.15,0.14,90,2.95,0.37
lttbsc3r2_sp156,connected,282.39,56.17,0.18,0.16,0,1.44,0.35
lttbsc3r2_sp157,isolated,259.96,55.03,0.53,0.52,0,0,0
lttbsc3r2_sp158,Lamonte,281.82,83.75,0,0,0,8.56,0.72
lttbsc3r2_sp159,Lamonte,284.55,88.06,0,0,0,1.94,0.64
lttbsc3r2_sp16,connected,284.04,119.79,0.57,0.48,90,0.89,0.44
lttbsc3r2_sp160,Lamonte,279.06,90.51,0,0,0,1.45,0.4
lttbsc3r2_sp161,Lamonte,266.56,58.34,0,0,0,5.95,0.43
lttbsc3r2_sp162,Lamonte,242.48,79.52,0,0,0,3.92,0.42
lttbsc3r2_sp163,Lamonte,244.17,76.35,0,0,0,3.28,0.27
lttbsc3r2_sp17,Lamonte,287.22,116.7,0,0,0,0.83,0.68
lttbsc3r2_sp18,Lamonte,290.88,121.59,0,0,0,2.93,0.33
lttbsc3r2_sp19,connected,288.98,125.41,0.53,0.35,90,4.63,0.5
lttbsc3r2_sp2,connected,230.25,116.36,0.59,0.59,0,5.61,0.43
lttbsc3r2_sp20,Lamonte,296.45,113.22,0,0,0,4,0.4
lttbsc3r2_sp22,Lamonte,280.03,116.17,0,0,0,6.92,0.47
lttbsc3r2_sp23,Lamonte,272.4,119.99,0,0,0,1.79,0.58
lttbsc3r2_sp24,isolated,270.43,115.45,0.59,0.41,24.58,0,0
lttbsc3r2_sp25,Lamonte,269.21,122.57,0,0,0,1.79,0.3
lttbsc3r2_sp26,Lamonte,267.34,117.85,0,0,0,1.48,0.5
lttbsc3r2_sp27,Lamonte,265.18,118.05,0,0,0,2.83,0.25
lttbsc3r2_sp28,Lamonte,261.19,119.9,0,0,0,1.46,0.56
lttbsc3r2_sp29,isolated,261.75,121.94,1,0.37,90,0,0
lttbsc3r2_sp3,Lamonte,237.55,122.79,0,0,0,8.66,0.46
lttbsc3r2_sp30,isolated,258.26,120.84,0.56,0.52,0,0,0
lttbsc3r2_sp31,isolated,255.61,120.28,0.72,0.36,90,0,0
lttbsc3r2_sp32,isolated,252.57,120.46,0.59,0.46,90,0,0
lttbsc3r2_sp33,isolated,250.23,119.75,0.78,0.56,0,0,0
lttbsc3r2_sp34,connected,248.22,120.53,0.56,0.53,90,0.9,0.36
lttbsc3r2_sp35,isolated,242.75,122.96,0.63,0.44,0,0,0
lttbsc3r2_sp36,connected,243.3,122.62,0.62,0.38,0,1.17,0.3
lttbsc3r2_sp37,Lamonte,245.8,124.22,0,0,0,2.03,0.5
lttbsc3r2_sp38,Lamonte,234.2,112.36,0,0,0,5.55,0.61
lttbsc3r2_sp39,Lamonte,243.24,113.87,0,0,0,2.01,0.57
lttbsc3r2_sp4,connected,236.43,116.07,0.8,0.59,24.99,4.27,0.25
lttbsc3r2_sp40,Lamonte,240.33,109.82,0,0,0,5.77,0.54
lttbsc3r2_sp41,connected,244.04,110.68,0.69,0.62,0,3.58,0.45
lttbsc3r2_sp42,Lamonte,245.41,107.89,0,0,0,1.16,0.31
lttbsc3r2_sp43,Lamonte,250.12,108.5,0,0,0,2.07,0.53
lttbsc3r2_sp44,Lamonte,247.53,106.75,0,0,0,1.37,0.61
lttbsc3r2_sp45,Lamonte,246.85,106.49,0,0,0,1.49,0.37
lttbsc3r2_sp46,Lamonte,259.57,108.5,0,0,0,2.76,0.38
lttbsc3r2_sp47,Lamonte,256.58,107.93,0,0,0,3.34,0.26
lttbsc3r2_sp48,Lamonte,259.7,107.33,0,0,0,0.8,0.26
lttbsc3r2_sp49,isolated,257.21,114.85,0.76,0.43,90,0,0
lttbsc3r2_sp5,isolated,246.62,125.7,0.94,0.53,90,0,0
lttbsc3r2_sp50,isolated,253.8,113.89,0.59,0.58,0,0,0
lttbsc3r2_sp51,Lamonte,254.77,113.6,0,0,0,0.94,0.52
lttbsc3r2_sp52,Lamonte,256.89,113.08,0,0,0,6.11,0.34
lttbsc3r2_sp53,Lamonte,273.43,108.95,0,0,0,3.74,0.53
lttbsc3r2_sp54,connected,251.24,100.88,0.75,0.56,0,1.67,0.36
lttbsc3r2_sp55,isolated,248.67,101.13,0.96,0.62,90,0,0
lttbsc3r2_sp56,Lamonte,234.27,110.47,0,0,0,4.43,0.58
lttbsc3r2_sp57,Lamonte,231.34,102.18,0,0,0,5.07,0.56
lttbsc3r2_sp58,Lamonte,228.02,96.82,0,0,0,4.56,0.68
lttbsc3r2_sp59,Lamonte,229.5,125.3,0,0,0,3.22,0.51
lttbsc3r2_sp6,connected,254.82,130.51,0.73,0.47,0,4.15,0.39
lttbsc3r2_sp60,Lamonte,220.39,96.2,0,0,0,4.32,0.56
lttbsc3r2_sp61,Lamonte,217.27,96.49,0,0,0,1.09,0.55
lttbsc3r2_sp62,Lamonte,218.65,93.38,0,0,0,4.06,0.58
lttbsc3r2_sp63,Lamonte,220.08,92.67,0,0,0,4.08,0.57
lttbsc3r2_sp64,isolated,231.21,94.2,0.83,0.62,0,0,0
lttbsc3r2_sp65,Lamonte,228.65,96.32,0,0,0,2.71,0.53
lttbsc3r2_sp66,isolated,234.81,97.42,0.71,0.49,147.77,0,0
lttbsc3r2_sp67,isolated,235.83,95.45,0.49,0.43,90,0,0
lttbsc3r2_sp68,Lamonte,234.97,92.97,0,0,0,3.07,0.68
lttbsc3r2_sp69,Lamonte,233.86,90.69,0,0,0,2.44,0.36
lttbsc3r2_sp7,Lamonte,263.12,134.85,0,0,0,3.12,0.46
lttbsc3r2_sp70,connected,237.21,92.15,0.6,0.53,0,2.71,0.63
lttbsc3r2_sp71,isolated,239.05,89.84,0.86,0.56,90,0,0
lttbsc3r2_sp72,isolated,238.54,99.04,0.88,0.57,90,0,0
lttbsc3r2_sp73,Lamonte,235.05,100.68,0,0,0,4.14,0.61
lttbsc3r2_sp74,Lamonte,233.67,94.24,0,0,0,1.12,0.55
lttbsc3r2_sp75,Lamonte,233.7,95.96,0,0,0,1.1,0.32
lttbsc3r2_sp76,Lamonte,242.35,98.14,0,0,0,0.95,0.74
lttbsc3r2_sp77,isolated,241.33,94.87,0.73,0.59,0,0,0
lttbsc3r2_sp78,connected,243.61,94.59,0.18,0.15,90,3.62,0.67
lttbsc3r2_sp79,connected,246.26,103.18,1.12,0.75,56.02,6.15,0.5
lttbsc3r2_sp8,isolated,272.02,134.59,1.07,0.79,0,0,0
lttbsc3r2_sp80,Lamonte,240.69,102.88,0,0,0,1.11,0.44
lttbsc3r2_sp81,Lamonte,247.81,93.41,0,0,0,2.71,0.62
lttbsc3r2_sp82,Lamonte,244.02,90.92,0,0,0,3.93,0.5
lttbsc3r2_sp83,Lamonte,247.24,91.15,0,0,0,1.17,0.59
lttbsc3r2_sp84,Lamonte,249.21,93,0,0,0,1.44,0.27
lttbsc3r2_sp85,Lamonte,252,99.28,0,0,0,0.67,0.46
lttbsc3r2_sp86,isolated,252.92,97.12,0.7,0.55,0,0,0
lttbsc3r2_sp87,connected,260.69,99.16,0.54,0.47,90,4.86,0.34
lttbsc3r2_sp88,connected,254.7,96.91,0.42,0.26,90,2.26,0.33
lttbsc3r2_sp89,Lamonte,260.01,106.42,0,0,0,2.09,0.46
lttbsc3r2_sp9,Lamonte,272.34,125.41,0,0,0,4.84,0.49
lttbsc3r2_sp90,Lamonte,278.97,102.82,0,0,0,8.72,0.38
lttbsc3r2_sp91,Lamonte,290.08,97.75,0,0,0,1.27,0.68
lttbsc3r2_sp92,Lamonte,289.58,95.45,0,0,0,1.19,0.7
lttbsc3r2_sp93,Lamonte,296.75,96.49,0,0,0,1.03,0.39
lttbsc3r2_sp94,Lamonte,277.84,90.04,0,0,0,8.44,0.62
lttbsc3r2_sp95,connected,270.5,90.03,0.53,0.48,90,1.35,0.37
lttbsc3r2_sp96,Lamonte,265.62,94.23,0,0,0,2.38,0.36
lttbsc3r2_sp97,connected,254.33,85.87,0.81,0.54,90,1.48,0.53
lttbsc3r2_sp98,Lamonte,258.54,82.11,0,0,0,4.48,0.65
lttbsc3r2_sp99,Lamonte,235.57,86.87,0,0,0,2.22,0.62
lttbsc3r3_sp1,Lamonte,225.52,45.47,0,0,0,5.11,0.28
lttbsc3r3_sp10,isolated,245.24,43.18,0.75,0.55,0,0,0
lttbsc3r3_sp11,Lamonte,251.37,47.81,0,0,0,6.63,0.52
lttbsc3r3_sp12,connected,246.94,47.72,0.43,0.35,90,0.83,0.3
lttbsc3r3_sp13,connected,247.93,52.33,0.54,0.42,0,2.92,0.5
lttbsc3r3_sp14,connected,244.74,48.79,0.79,0.51,90,2.11,0.39
lttbsc3r3_sp15,Lamonte,248.83,50.57,0,0,0,1.51,0.4
lttbsc3r3_sp16,Lamonte,253.33,50.1,0,0,0,1.48,0.64
lttbsc3r3_sp17,isolated,255.02,49.76,0.56,0.55,90,0,0
lttbsc3r3_sp18,Lamonte,249.25,49.47,0,0,0,1.53,0.37
lttbsc3r3_sp19,Lamonte,255.01,48.66,0,0,0,8.85,0.29
lttbsc3r3_sp2,Lamonte,225.51,48.31,0,0,0,1.29,0.27
lttbsc3r3_sp20,Lamonte,254.79,45.45,0,0,0,1.3,0.48
lttbsc3r3_sp21,Lamonte,252.15,46.11,0,0,0,1.86,0.47
lttbsc3r3_sp22,Lamonte,257.92,41.44,0,0,0,5.91,0.38
lttbsc3r3_sp23,Lamonte,258.22,42.84,0,0,0,4.39,0.38
lttbsc3r3_sp24,Lamonte,264.9,49.63,0,0,0,7.62,0.49
lttbsc3r3_sp25,Lamonte,278.76,49.53,0,0,0,3.33,0.7
lttbsc3r3_sp26,Lamonte,277.17,42.82,0,0,0,6.21,0.37
lttbsc3r3_sp27,connected,275.45,38.43,0.75,0.62,90,2.29,0.42
lttbsc3r3_sp28,Lamonte,279.39,41.62,0,0,0,4.08,0.37
lttbsc3r3_sp29,Lamonte,275.18,39.75,0,0,0,2.45,0.26
lttbsc3r3_sp3,Lamonte,237.06,51.77,0,0,0,7.06,0.76
lttbsc3r3_sp30,Lamonte,283.47,46.52,0,0,0,1.28,0.23
lttbsc3r3_sp31,connected,281.46,46.39,0.49,0.49,0,1.3,0.37
lttbsc3r3_sp32,connected,277.6,37.2,0.61,0.29,0,1.32,0.31
lttbsc3r3_sp33,Lamonte,284.62,36.87,0,0,0,4.43,0.51
lttbsc3r3_sp34,Lamonte,286.79,35.69,0,0,0,5.15,0.56
lttbsc3r3_sp36,Lamonte,291.93,38.12,0,0,0,4.96,0.36
lttbsc3r3_sp37,Lamonte,289.85,27.74,0,0,0,5.31,0.87
lttbsc3r3_sp38,isolated,296.67,31.77,0.7,0.45,46.2,0,0
lttbsc3r3_sp39,isolated,294.46,30.14,0.61,0.52,90,0,0
lttbsc3r3_sp4,connected,236.88,51.12,1.02,0.94,90,2.13,0.39
lttbsc3r3_sp40,Lamonte,286.8,33.12,0,0,0,1.32,0.51
lttbsc3r3_sp41,Lamonte,282.14,38.04,0,0,0,2.37,0.69
lttbsc3r3_sp42,connected,273.36,34.32,0.65,0.6,90,3.25,0.39
lttbsc3r3_sp43,connected,265.5,39.78,0.93,0.7,90,3.47,0.38
lttbsc3r3_sp44,isolated,269.62,40.6,0.91,0.49,90,0,0
lttbsc3r3_sp45,Lamonte,267,36.5,0,0,0,1.88,0.56
lttbsc3r3_sp46,Lamonte,264.42,32.64,0,0,0,1.39,0.41
lttbsc3r3_sp47,connected,261.94,38.98,0.5,0.38,0,0.98,0.4
lttbsc3r3_sp48,connected,231.04,42.66,0.35,0.34,90,4.53,0.71
lttbsc3r3_sp49,Lamonte,228.62,42.66,0,0,0,5.94,0.7
lttbsc3r3_sp5,Lamonte,237.3,49.23,0,0,0,3.03,0.44
lttbsc3r3_sp50,Lamonte,237.51,38.42,0,0,0,2.24,0.37
lttbsc3r3_sp51,isolated,243.87,40.38,0.76,0.68,0,0,0
lttbsc3r3_sp52,Lamonte,244.86,29.58,0,0,0,8.62,0.72
lttbsc3r3_sp53,Lamonte,240.46,23.78,0,0,0,5.19,0.82
lttbsc3r3_sp54,Lamonte,291.12,14.32,0,0,0,7.61,0.8
lttbsc3r3_sp55,Lamonte,237.18,27.87,0,0,0,7.67,0.59
lttbsc3r3_sp56,isolated,254.9,23.43,0.83,0.78,0,0,0
lttbsc3r3_sp57,connected,291.56,3.79,1.07,0.77,90,6.36,0.38
lttbsc3r3_sp58,connected,279.56,3.29,0.8,0.7,0,3.6,0.59
lttbsc3r3_sp59,connected,282.33,11.54,0.35,0.31,90,1.68,0.37
lttbsc3r3_sp6,connected,238.49,48.58,0.39,0.3,0,2.24,0.3
lttbsc3r3_sp60,Lamonte,271.98,24.22,0,0,0,4.95,0.66
lttbsc3r3_sp61,isolated,267.28,21.48,0,0,0,0,0
lttbsc3r3_sp62,isolated,269.41,35.97,1.14,0.96,0,0,0
lttbsc3r3_sp63,Lamonte,273.13,16.48,0,0,0,2.46,0.76
lttbsc3r3_sp64,Lamonte,288.14,51.18,0,0,0,2.99,0.74
lttbsc3r3_sp65,isolated,248.55,51.35,0.44,0.42,90,0,0
lttbsc3r3_sp7,Lamonte,239.4,49.81,0,0,0,1.26,0.44
lttbsc3r3_sp8,Lamonte,243.2,51.47,0,0,0,2.64,0.65
lttbsc3r3_sp9,connected,239.88,44.15,0.64,0.64,90,1.67,0.42
lttbsc4r0_sp1,Lamonte,310.59,231.63,0,0,0,15.96,0.59
lttbsc4r0_sp10,Lamonte,314.9,217.58,0,0,0,1.75,0.6
lttbsc4r0_sp11,Lamonte,313.49,219.15,0,0,0,2.59,0.36
lttbsc4r0_sp12,Lamonte,313.75,228.2,0,0,0,2.65,0.33
lttbsc4r0_sp13,Lamonte,321.51,218.34,0,0,0,3.2,0.34
lttbsc4r0_sp2,Lamonte,303.32,231.57,0,0,0,8.3,0.59
lttbsc4r0_sp3,Lamonte,302.33,237.67,0,0,0,1.7,0.46
lttbsc4r0_sp4,Lamonte,302.7,225.87,0,0,0,5.38,0.48
lttbsc4r0_sp5,Lamonte,306.36,224.06,0,0,0,3.7,0.7
lttbsc4r0_sp6,Lamonte,310.42,219.58,0,0,0,1.42,0.46
lttbsc4r0_sp7,isolated,308.31,217.75,0.64,0.52,90,0,0
lttbsc4r0_sp8,connected,310.29,220.16,0.71,0.7,90,0.71,0.31
lttbsc4r0_sp9,Lamonte,306.64,220.62,0,0,0,1.22,0.75
lttbsc4r1_sp1,Lamonte,300.19,216.24,0,0,0,3,0.65
lttbsc4r1_sp10,Lamonte,321.76,201.95,0,0,0,3.39,0.34
lttbsc4r1_sp11,Lamonte,322.02,198.81,0,0,0,4.47,0.65
lttbsc4r1_sp12,Lamonte,298.98,207.76,0,0,0,2.72,0.68
lttbsc4r1_sp13,connected,303.65,201.01,1.09,0.66,90,1.36,0.41
lttbsc4r1_sp14,connected,307.7,193.76,0.26,0.23,90,10.05,0.95
lttbsc4r1_sp15,Lamonte,323.85,192.66,0,0,0,3.16,0.61
lttbsc4r1_sp16,connected,333.3,191.06,0.83,0.77,0,3.47,0.6
lttbsc4r1_sp17,connected,325.34,185.98,0.76,0.76,0,3.69,0.55
lttbsc4r1_sp18,Lamonte,339.03,192.29,0,0,0,2.14,0.52
lttbsc4r1_sp19,isolated,343.62,191.67,0.83,0.72,90,0,0
lttbsc4r1_sp2,Lamonte,300.62,213.18,0,0,0,1.42,0.5
lttbsc4r1_sp20,Lamonte,326.53,188.73,0,0,0,3.55,0.48
lttbsc4r1_sp21,Lamonte,305.91,189.6,0,0,0,2.16,0.64
lttbsc4r1_sp22,Lamonte,300.58,187.74,0,0,0,3.35,0.55
lttbsc4r1_sp23,Lamonte,314.57,187.15,0,0,0,1.9,0.37
lttbsc4r1_sp24,Lamonte,297.96,179.27,0,0,0,3.35,0.55
lttbsc4r1_sp25,Lamonte,303.24,182.39,0,0,0,1.51,0.59
lttbsc4r1_sp26,isolated,308.39,181.36,0.68,0.64,90,0,0
lttbsc4r1_sp27,Lamonte,337.04,179.07,0,0,0,1.61,0.53
lttbsc4r1_sp28,Lamonte,301.37,165.37,0,0,0,6.7,0.77
lttbsc4r1_sp29,isolated,309.73,172.5,1.59,1.28,90,0,0
lttbsc4r1_sp3,Lamonte,302.73,209.72,0,0,0,1.78,0.38
lttbsc4r1_sp30,Lamonte,310.86,169.64,0,0,0,2.78,0.52
lttbsc4r1_sp31,Lamonte,310.62,161.6,0,0,0,3.03,0.8
lttbsc4r1_sp32,Lamonte,321.58,175.94,0,0,0,1.75,0.41
lttbsc4r1_sp33,connected,317.98,166.98,0.73,0.64,0,7.7,0.52
lttbsc4r1_sp34,Lamonte,329.34,171.77,0,0,0,4.23,0.43
lttbsc4r1_sp35,Lamonte,326.09,168.06,0,0,0,11.25,0.76
lttbsc4r1_sp36,isolated,328.82,172.27,0.62,0.58,0,0,0
lttbsc4r1_sp37,Lamonte,334.24,169.12,0,0,0,5.86,0.47
lttbsc4r1_sp38,isolated,336.48,166.07,0.51,0.5,90,0,0
lttbsc4r1_sp39,Lamonte,337.76,167.27,0,0,0,0.93,0.45
lttbsc4r1_sp4,connected,309.51,208.69,0.89,0.6,0,2.27,0.52
lttbsc4r1_sp40,Lamonte,358.17,179.34,0,0,0,2.94,0.67
lttbsc4r1_sp41,Lamonte,352.88,183.7,0,0,0,4.09,0.66
lttbsc4r1_sp42,Lamonte,361.67,177.69,0,0,0,2.9,0.6
lttbsc4r1_sp43,Lamonte,363.08,173.64,0,0,0,2.14,0.47
lttbsc4r1_sp44,Lamonte,352.49,159.82,0,0,0,3.96,0.52
lttbsc4r1_sp45,Lamonte,356.74,157.18,0,0,0,6.91,0.63
lttbsc4r1_sp46,Lamonte,361.95,159.1,0,0,0,1.2,0.42
lttbsc4r1_sp47,isolated,353.5,162.28,0.67,0.66,90,0,0
lttbsc4r1_sp48,Lamonte,346.83,155.63,0,0,0,3.66,0.57
lttbsc4r1_sp49,connected,340.76,153.65,0.75,0.71,0,8.37,0.62
lttbsc4r1_sp5,connected,314.97,216.52,0.67,0.54,0,2.79,0.32
lttbsc4r1_sp50,Lamonte,343.09,162.23,0,0,0,1.05,0.53
lttbsc4r1_sp51,isolated,336.58,153.22,0.74,0.53,57.92,0,0
lttbsc4r1_sp52,Lamonte,334.24,151.29,0,0,0,3.02,0.32
lttbsc4r1_sp53,Lamonte,334.85,155.14,0,0,0,1.84,0.45
lttbsc4r1_sp54,Lamonte,331.6,156.55,0,0,0,4.38,0.37
lttbsc4r1_sp55,Lamonte,328.58,162.39,0,0,0,1.81,0.56
lttbsc4r1_sp56,isolated,334.08,158.13,0.64,0.41,90,0,0
lttbsc4r1_sp57,Lamonte,334.22,160.97,0,0,0,2.76,0.49
lttbsc4r1_sp58,isolated,331.3,162,0.52,0.4,90,0,0
lttbsc4r1_sp59,connected,335.58,161.38,0.54,0.38,0,3.79,0.36
lttbsc4r1_sp6,connected,316.84,212.47,0.96,0.68,90,5.91,0.6
lttbsc4r1_sp60,Lamonte,331.32,158.46,0,0,0,9.82,0.55
lttbsc4r1_sp61,Lamonte,299.24,160.71,0,0,0,4.22,0.47
lttbsc4r1_sp62,Lamonte,309.25,161.2,0,0,0,1.14,0.84
lttbsc4r1_sp63,Lamonte,305.11,156.61,0,0,0,5.81,0.72
lttbsc4r1_sp64,Lamonte,298.64,153.04,0,0,0,5.9,0.62
lttbsc4r1_sp65,Lamonte,306.36,150.82,0,0,0,2.17,0.66
lttbsc4r1_sp66,Lamonte,310.63,150.82,0,0,0,1.12,0.77
lttbsc4r1_sp67,Lamonte,315.05,153.23,0,0,0,1.52,0.48
lttbsc4r1_sp68,Lamonte,330.7,153.84,0,0,0,3.24,0.52
lttbsc4r1_sp69,connected,332.95,148.52,0.78,0.77,0,0.95,0.31
lttbsc4r1_sp7,connected,325.08,212.81,0.3,0.28,90,11.64,0.74
lttbsc4r1_sp70,Lamonte,339.81,149.85,0,0,0,1.87,0.26
lttbsc4r1_sp71,isolated,348.44,140.26,0.54,0.5,90,0,0
lttbsc4r1_sp72,Lamonte,348.05,144.43,0,0,0,4.58,0.74
lttbsc4r1_sp73,Lamonte,338.27,146.38,0,0,0,3.23,0.45
lttbsc4r1_sp74,Lamonte,324.73,142.72,0,0,0,4.48,0.4
lttbsc4r1_sp75,Lamonte,316.67,143.66,0,0,0,6.15,0.48
lttbsc4r1_sp76,Lamonte,319.62,137.89,0,0,0,2.97,0.51
lttbsc4r1_sp77,Lamonte,320.22,140.42,0,0,0,0.96,0.83
lttbsc4r1_sp78,Lamonte,309.81,137.41,0,0,0,3.24,0.61
lttbsc4r1_sp79,isolated,305.5,137.57,0.68,0.4,0,0,0
lttbsc4r1_sp8,Lamonte,320.39,216.49,0,0,0,3.64,0.48
lttbsc4r1_sp80,isolated,303.37,136.96,0.41,0.2,0,0,0
lttbsc4r1_sp81,connected,300.29,137.04,0.39,0.39,0,2.12,0.38
lttbsc4r1_sp82,Lamonte,340.2,144.34,0,0,0,1.61,0.5
lttbsc4r1_sp83,Lamonte,338.21,142.43,0,0,0,2.05,0.35
lttbsc4r1_sp84,isolated,307.98,199.46,0.83,0.56,0,0,0
lttbsc4r1_sp85,isolated,357.19,183.64,0.82,0.58,90,0,0
lttbsc4r1_sp9,Lamonte,330.45,209.05,0,0,0,1.78,0.32
lttbsc4r2_sp1,Lamonte,309.19,126.81,0,0,0,4.66,0.44
lttbsc4r2_sp10,connected,305.68,129.79,0.8,0.69,0,4.07,0.3
lttbsc4r2_sp100,Lamonte,347.16,56.68,0,0,0,1.05,0.28
lttbsc4r2_sp101,Lamonte,348.28,56.36,0,0,0,1.21,0.32
lttbsc4r2_sp102,Lamonte,339.28,66.92,0,0,0,2.46,0.35
lttbsc4r2_sp103,Lamonte,342.6,71.43,0,0,0,2.84,0.5
lttbsc4r2_sp104,Lamonte,345.38,79.46,0,0,0,2.09,0.21
lttbsc4r2_sp105,Lamonte,342.16,83.4,0,0,0,1.42,0.24
lttbsc4r2_sp106,connected,337.36,87.69,0.4,0.29,0,0.8,0.29
lttbsc4r2_sp107,Lamonte,328.67,80.14,0,0,0,1.02,0.37
lttbsc4r2_sp108,Lamonte,334.61,75.82,0,0,0,1.89,0.2
lttbsc4r2_sp109,connected,331.51,73.42,0.48,0.37,0,4.83,0.24
lttbsc4r2_sp11,Lamonte,313.14,117.19,0,0,0,4.87,0.55
lttbsc4r2_sp110,isolated,328.9,69.54,0.78,0.77,90,0,0
lttbsc4r2_sp111,connected,326.81,72.78,0.29,0.21,90,4,0.25
lttbsc4r2_sp112,connected,325.68,70.43,0.52,0.47,0,1.9,0.38
lttbsc4r2_sp113,Lamonte,321.99,76.25,0,0,0,5.61,0.56
lttbsc4r2_sp114,Lamonte,316.17,73.37,0,0,0,3.52,0.27
lttbsc4r2_sp115,Lamonte,315.62,77.18,0,0,0,2.19,0.34
lttbsc4r2_sp116,isolated,310.73,80.39,0.41,0.25,90,0,0
lttbsc4r2_sp117,Lamonte,311.47,80.81,0,0,0,1.73,0.52
lttbsc4r2_sp118,Lamonte,304.93,76.13,0,0,0,4.45,0.58
lttbsc4r2_sp119,Lamonte,305.56,80.84,0,0,0,2.06,0.35
lttbsc4r2_sp12,isolated,318.14,121.2,0.59,0.4,90,0,0
lttbsc4r2_sp120,Lamonte,302.42,81.88,0,0,0,2.7,0.21
lttbsc4r2_sp121,Lamonte,299.71,86.35,0,0,0,0.49,0.3
lttbsc4r2_sp122,Lamonte,299.04,85.86,0,0,0,1.22,0.26
lttbsc4r2_sp123,Lamonte,298.11,84.72,0,0,0,0.65,0.3
lttbsc4r2_sp124,isolated,301.26,85.23,0.53,0.52,0,0,0
lttbsc4r2_sp125,connected,312.89,72.6,0.22,0.18,0,9.37,0.63
lttbsc4r2_sp126,connected,319.6,69.76,0.52,0.42,53.51,2.03,0.44
lttbsc4r2_sp127,connected,315.81,69.38,0.79,0.64,0,8.23,0.52
lttbsc4r2_sp128,Lamonte,320.48,69.36,0,0,0,1.71,0.3
lttbsc4r2_sp129,Lamonte,321.41,69.9,0,0,0,2.06,0.27
lttbsc4r2_sp13,isolated,319.42,122.07,0.75,0.49,90,0,0
lttbsc4r2_sp130,connected,318.3,67.83,0.65,0.59,0,3.19,0.3
lttbsc4r2_sp131,Lamonte,316.35,63.33,0,0,0,2.89,0.88
lttbsc4r2_sp132,connected,320.01,63.13,0.23,0.21,90,6.67,0.41
lttbsc4r2_sp133,Lamonte,333.05,58.66,0,0,0,6.79,0.66
lttbsc4r2_sp134,Lamonte,325.14,57.18,0,0,0,3.81,0.4
lttbsc4r2_sp135,connected,307.31,57.17,0.89,0.55,90,10.94,0.39
lttbsc4r2_sp136,isolated,298.06,68.3,0.76,0.74,0,0,0
lttbsc4r2_sp137,Lamonte,301.55,60.86,0,0,0,2.27,0.46
lttbsc4r2_sp138,isolated,327.97,60.35,0.63,0.57,0,0,0
lttbsc4r2_sp139,Lamonte,342.54,65.15,0,0,0,4.02,0.77
lttbsc4r2_sp14,connected,330.93,118.1,0.79,0.62,23.77,1.48,0.61
lttbsc4r2_sp140,Lamonte,328.12,109.28,0,0,0,3.53,0.32
lttbsc4r2_sp141,isolated,327.38,111.24,0.72,0.65,90,0,0
lttbsc4r2_sp142,isolated,374.1,80.52,0.75,0.71,90,0,0
lttbsc4r2_sp143,isolated,370.58,94.59,0.92,0.89,90,0,0
lttbsc4r2_sp144,Lamonte,320.59,78.35,0,0,0,3.88,0.47
lttbsc4r2_sp145,isolated,314.38,134.09,0.8,0.63,90,0,0
lttbsc4r2_sp146,isolated,365.84,123.48,0.93,0.59,90,0,0
lttbsc4r2_sp15,connected,336.09,122.18,0.2,0.11,0,6.69,0.44
lttbsc4r2_sp16,Lamonte,337.59,116.27,0,0,0,2.81,0.31
lttbsc4r2_sp17,Lamonte,342.71,120.18,0,0,0,1.36,0.45
lttbsc4r2_sp18,isolated,357.55,117.82,0.63,0.46,90,0,0
lttbsc4r2_sp19,Lamonte,358.27,116.94,0,0,0,1.75,0.54
lttbsc4r2_sp2,Lamonte,310.96,129.49,0,0,0,3.81,0.46
lttbsc4r2_sp20,Lamonte,355.31,119.24,0,0,0,5.08,0.47
lttbsc4r2_sp21,isolated,363.74,115.72,0.75,0.51,90,0,0
lttbsc4r2_sp22,Lamonte,365.77,113.24,0,0,0,3.53,0.38
lttbsc4r2_sp23,Lamonte,368.8,100.03,0,0,0,3.01,0.6
lttbsc4r2_sp24,Lamonte,368.71,98.39,0,0,0,7.73,0.38
lttbsc4r2_sp25,Lamonte,360.19,115.21,0,0,0,2.2,0.39
lttbsc4r2_sp26,Lamonte,345.02,110.34,0,0,0,7.59,0.77
lttbsc4r2_sp27,Lamonte,351.65,113.75,0,0,0,4.35,0.47
lttbsc4r2_sp28,connected,341.89,111.36,0.52,0.51,90,4.01,0.49
lttbsc4r2_sp29,Lamonte,328.91,116.34,0,0,0,1.52,0.45
lttbsc4r2_sp3,Lamonte,312.88,129.11,0,0,0,3.26,0.54
lttbsc4r2_sp30,Lamonte,326.59,118.82,0,0,0,1.18,0.4
lttbsc4r2_sp31,Lamonte,321.16,115.97,0,0,0,4.71,0.44
lttbsc4r2_sp32,Lamonte,319.93,116.98,0,0,0,1.75,0.47
lttbsc4r2_sp33,Lamonte,317.64,115.81,0,0,0,0.62,0.28
lttbsc4r2_sp34,Lamonte,310.22,114.35,0,0,0,3.2,0.39
lttbsc4r2_sp35,Lamonte,308.15,116.66,0,0,0,2.66,0.31
lttbsc4r2_sp36,isolated,303.43,113.66,1.24,0.66,90,0,0
lttbsc4r2_sp37,connected,318.33,108.87,0.6,0.49,118.09,2.74,0.54
lttbsc4r2_sp38,Lamonte,319.54,112.38,0,0,0,5.52,0.76
lttbsc4r2_sp39,Lamonte,316.96,105.12,0,0,0,6.24,0.45
lttbsc4r2_sp4,Lamonte,324.43,134.95,0,0,0,8.36,0.63
lttbsc4r2_sp40,Lamonte,324.26,107.93,0,0,0,3.77,0.35
lttbsc4r2_sp41,connected,322.4,108.38,0.23,0.21,0,3.03,0.24
lttbsc4r2_sp42,Lamonte,322.23,113.58,0,0,0,0.95,0.55
lttbsc4r2_sp43,connected,331.22,105.15,0.56,0.52,0,18.83,0.66
lttbsc4r2_sp44,connected,325.84,105.74,0.51,0.51,0,2.47,0.64
lttbsc4r2_sp45,Lamonte,329.21,106.09,0,0,0,2.2,0.33
lttbsc4r2_sp46,Lamonte,331.11,104.09,0,0,0,2.37,0.79
lttbsc4r2_sp47,connected,345.73,100.68,0.75,0.4,0,3.09,0.54
lttbsc4r2_sp48,Lamonte,346.63,100.19,0,0,0,0.68,0.49
lttbsc4r2_sp49,Lamonte,344.54,100.29,0,0,0,4.06,0.53
lttbsc4r2_sp5,Lamonte,329.36,134.06,0,0,0,10.83,0.56
lttbsc4r2_sp50,Lamonte,347.56,109.32,0,0,0,1.59,0.37
lttbsc4r2_sp51,Lamonte,348.2,108.77,0,0,0,1.46,0.25
lttbsc4r2_sp52,connected,346.44,95.71,0.82,0.51,0,5.42,0.63
lttbsc4r2_sp53,connected,344.11,92.6,1.16,0.89,62.62,7.34,0.84
lttbsc4r2_sp54,connected,321.24,92.89,1,0.83,90,5.88,0.68
lttbsc4r2_sp55,connected,323.07,90.9,0.87,0.54,90,3.83,0.54
lttbsc4r2_sp56,Lamonte,328.96,89.06,0,0,0,2.94,0.52
lttbsc4r2_sp57,Lamonte,318.19,94.39,0,0,0,2.73,0.46
lttbsc4r2_sp58,Lamonte,304.69,86.83,0,0,0,2.58,0.54
lttbsc4r2_sp59,Lamonte,308.37,87.49,0,0,0,1.64,0.6
lttbsc4r2_sp6,isolated,331.32,121.6,0.92,0.64,0,0,0
lttbsc4r2_sp60,connected,300.19,87.57,0.39,0.26,90,1.84,0.29
lttbsc4r2_sp61,Lamonte,300.92,88.53,0,0,0,6.38,0.23
lttbsc4r2_sp62,connected,307.3,79.23,0.84,0.78,0,4.31,0.57
lttbsc4r2_sp63,Lamonte,320.81,82.89,0,0,0,5.25,0.53
lttbsc4r2_sp64,connected,322.46,82.5,0.91,0.75,90,4.27,0.53
lttbsc4r2_sp65,Lamonte,324.69,79.98,0,0,0,2.63,0.45
lttbsc4r2_sp66,Lamonte,322.64,84.29,0,0,0,1.49,0.45
lttbsc4r2_sp67,Lamonte,320.08,87.79,0,0,0,2.15,0.69
lttbsc4r2_sp68,Lamonte,358.96,85.44,0,0,0,3.48,0.59
lttbsc4r2_sp69,Lamonte,366.21,80.67,0,0,0,2.38,0.7
lttbsc4r2_sp7,connected,337.97,127.08,0.79,0.6,90,2.08,0.5
lttbsc4r2_sp70,isolated,370.06,81.67,0.62,0.58,90,0,0
lttbsc4r2_sp71,Lamonte,375.96,84.61,0,0,0,2.42,0.44
lttbsc4r2_sp72,Lamonte,374.07,83.12,0,0,0,1.38,0.35
lttbsc4r2_sp73,Lamonte,371.41,78.15,0,0,0,3.09,0.28
lttbsc4r2_sp74,isolated,366.53,76.86,0.87,0.54,90,0,0
lttbsc4r2_sp75,Lamonte,366.89,68.74,0,0,0,13.27,0.79
lttbsc4r2_sp76,Lamonte,361.89,73.5,0,0,0,2.54,0.43
lttbsc4r2_sp77,Lamonte,365.18,70.86,0,0,0,3.7,0.24
lttbsc4r2_sp78,connected,369.37,66.66,0.67,0.62,0,3.45,0.38
lttbsc4r2_sp79,Lamonte,373.99,64.83,0,0,0,1.8,0.32
lttbsc4r2_sp8,Lamonte,343.2,122.21,0,0,0,4.53,0.54
lttbsc4r2_sp80,Lamonte,370.01,57.7,0,0,0,6.01,0.61
lttbsc4r2_sp81,connected,376.23,61.77,0.16,0.09,90,0.93,0.17
lttbsc4r2_sp82,Lamonte,374.08,57.75,0,0,0,1.16,0.17
lttbsc4r2_sp83,Lamonte,367.71,58.45,0,0,0,1.44,0.39
lttbsc4r2_sp84,Lamonte,359.41,55.87,0,0,0,4.25,0.52
lttbsc4r2_sp85,Lamonte,359.15,58.44,0,0,0,4.88,0.69
lttbsc4r2_sp86,Lamonte,362.57,62.22,0,0,0,1.98,0.2
lttbsc4r2_sp87,Lamonte,367.84,62.72,0,0,0,1.54,0.57
lttbsc4r2_sp88,isolated,363.43,58.85,0.49,0.48,90,0,0
lttbsc4r2_sp89,Lamonte,364.56,58.53,0,0,0,1.38,0.35
lttbsc4r2_sp9,Lamonte,351.08,124.04,0,0,0,3.44,0.43
lttbsc4r2_sp90,Lamonte,358.04,72.78,0,0,0,1.87,0.6
lttbsc4r2_sp91,Lamonte,357.03,69.94,0,0,0,1.1,0.29
lttbsc4r2_sp92,Lamonte,355.22,91.52,0,0,0,1.51,0.55
lttbsc4r2_sp93,Lamonte,357.83,92.07,0,0,0,1.91,0.6
lttbsc4r2_sp94,Lamonte,365.36,94.93,0,0,0,2.81,0.46
lttbsc4r2_sp95,Lamonte,367.48,100.8,0,0,0,0.97,0.73
lttbsc4r2_sp96,Lamonte,364.7,91.93,0,0,0,0.99,0.3
lttbsc4r2_sp97,isolated,362.31,92.73,0.45,0.3,0,0,0
lttbsc4r2_sp98,Lamonte,364.77,97.72,0,0,0,0.65,0.45
lttbsc4r2_sp99,Lamonte,347.71,58.84,0,0,0,3.83,0.59
lttbsc4r3_sp1,Lamonte,299.41,45.51,0,0,0,2.02,0.42
lttbsc4r3_sp10,Lamonte,307.22,52.53,0,0,0,1.64,0.4
lttbsc4r3_sp11,Lamonte,318.73,40.84,0,0,0,15.43,0.54
lttbsc4r3_sp12,connected,327.46,51.71,0.53,0.5,0,3.73,0.31
lttbsc4r3_sp13,Lamonte,337.77,48.51,0,0,0,2.99,0.49
lttbsc4r3_sp14,Lamonte,335.32,50.79,0,0,0,1.51,0.45
lttbsc4r3_sp15,Lamonte,334.46,43.09,0,0,0,7.04,0.52
lttbsc4r3_sp16,Lamonte,328.94,47.64,0,0,0,1.81,0.39
lttbsc4r3_sp17,isolated,330.98,47.51,0.75,0.36,90,0,0
lttbsc4r3_sp18,connected,331.69,43.82,0.59,0.43,0,1.15,0.31
lttbsc4r3_sp19,Lamonte,337.71,46.97,0,0,0,3.19,0.5
lttbsc4r3_sp2,Lamonte,300.39,45.77,0,0,0,3.24,0.39
lttbsc4r3_sp20,Lamonte,350.55,49.77,0,0,0,7.22,0.42
lttbsc4r3_sp21,isolated,341.38,50.59,0.62,0.49,90,0,0
lttbsc4r3_sp22,Lamonte,348.92,50.25,0,0,0,0.8,0.27
lttbsc4r3_sp23,Lamonte,351.55,45.11,0,0,0,3.4,0.52
lttbsc4r3_sp25,Lamonte,357.51,53.04,0,0,0,1.79,0.48
lttbsc4r3_sp26,Lamonte,356.84,51.58,0,0,0,2.45,0.44
lttbsc4r3_sp27,Lamonte,355.42,44.07,0,0,0,1.24,0.57
lttbsc4r3_sp28,connected,364.04,46.11,0.46,0.44,90,2.1,0.73
lttbsc4r3_sp29,Lamonte,354.92,46.87,0,0,0,6.84,0.46
lttbsc4r3_sp3,Lamonte,298.88,44.99,0,0,0,1.71,0.52
lttbsc4r3_sp30,Lamonte,370.48,49.08,0,0,0,2.64,0.54
lttbsc4r3_sp31,Lamonte,372.07,42.14,0,0,0,5.26,0.61
lttbsc4r3_sp32,Lamonte,369.03,53.15,0,0,0,0.73,0.38
lttbsc4r3_sp33,isolated,374.4,44.46,0.7,0.59,0,0,0
lttbsc4r3_sp34,isolated,376.35,41.41,0.61,0.58,90,0,0
lttbsc4r3_sp35,Lamonte,373.38,36.21,0,0,0,4.52,0.59
lttbsc4r3_sp36,Lamonte,367.78,36.99,0,0,0,6.05,0.52
lttbsc4r3_sp37,Lamonte,372.61,50.61,0,0,0,2.99,0.55
lttbsc4r3_sp38,Lamonte,375.74,48.78,0,0,0,2.78,0.47
lttbsc4r3_sp39,isolated,378.23,35.96,0.81,0.7,90,0,0
lttbsc4r3_sp4,Lamonte,302.39,45.01,0,0,0,2.09,0.55
lttbsc4r3_sp40,Lamonte,369.76,26.63,0,0,0,2.94,0.45
lttbsc4r3_sp41,Lamonte,361.41,36.01,0,0,0,4.97,0.6
lttbsc4r3_sp42,Lamonte,370.41,31.49,0,0,0,4,0.21
lttbsc4r3_sp43,connected,377.42,38.26,0.78,0.61,90,4.91,0.49
lttbsc4r3_sp44,Lamonte,299,35.33,0,0,0,1.46,0.46
lttbsc4r3_sp45,Lamonte,302.05,32.07,0,0,0,5.71,0.65
lttbsc4r3_sp46,connected,298.41,31.49,0.74,0.52,0,1.36,0.53
lttbsc4r3_sp47,Lamonte,299.37,26.91,0,0,0,2.5,0.62
lttbsc4r3_sp48,Lamonte,302.72,24.99,0,0,0,2.22,0.53
lttbsc4r3_sp49,Lamonte,331.22,21.53,0,0,0,1.22,0.41
lttbsc4r3_sp5,Lamonte,301.35,40.08,0,0,0,2.18,0.48
lttbsc4r3_sp50,isolated,362.54,11.35,0.74,0.62,0,0,0
lttbsc4r3_sp51,Lamonte,355.65,22.88,0,0,0,1.32,0.16
lttbsc4r3_sp52,Lamonte,339.68,32.59,0,0,0,2.18,0.21
lttbsc4r3_sp53,Lamonte,317.06,35.44,0,0,0,2.08,0.72
lttbsc4r3_sp54,connected,300.33,14.27,0.49,0.41,0,1.77,0.24
lttbsc4r3_sp55,Lamonte,302.69,12.09,0,0,0,4.15,0.48
lttbsc4r3_sp56,connected,308.02,17.75,0.62,0.62,0,3.3,0.48
lttbsc4r3_sp57,Lamonte,305.68,22.54,0,0,0,3.21,0.39
lttbsc4r3_sp58,isolated,371.97,31.6,0.87,0.7,0,0,0
lttbsc4r3_sp6,Lamonte,313.87,44.41,0,0,0,3.55,0.48
lttbsc4r3_sp7,Lamonte,312.32,47.29,0,0,0,3.2,0.71
lttbsc4r3_sp8,isolated,309.36,49.17,0.84,0.68,90,0,0
lttbsc4r3_sp9,Lamonte,307.85,53.55,0,0,0,1.15,0.45
lttbsc5r2_sp1,Lamonte,379.16,119.84,0,0,0,2.49,0.45
lttbsc5r2_sp10,Lamonte,393.66,115.54,0,0,0,0.89,0.41
lttbsc5r2_sp11,Lamonte,395.71,108.17,0,0,0,2.66,0.39
lttbsc5r2_sp12,isolated,394.87,109.67,0.77,0.48,0,0,0
lttbsc5r2_sp13,isolated,395.59,108.94,1.06,0.79,0,0,0
lttbsc5r2_sp14,Lamonte,397.43,110.77,0,0,0,1.76,0.69
lttbsc5r2_sp15,Lamonte,395.93,107.32,0,0,0,1.53,0.69
lttbsc5r2_sp16,connected,384.15,103.17,0.67,0.41,90,2.38,0.38
lttbsc5r2_sp17,Lamonte,379.2,104.96,0,0,0,2.45,0.66
lttbsc5r2_sp18,connected,385.1,100.4,0.59,0.54,0,1.15,0.38
lttbsc5r2_sp19,isolated,389.85,99.81,0.64,0.6,0,0,0
lttbsc5r2_sp2,Lamonte,382.71,124.02,0,0,0,1.23,0.39
lttbsc5r2_sp20,connected,395,103.2,0.59,0.45,90,0.71,0.24
lttbsc5r2_sp21,connected,397.13,101.1,0.72,0.64,0,2.76,0.63
lttbsc5r2_sp22,Lamonte,400.65,102.61,0,0,0,4.19,0.48
lttbsc5r2_sp23,connected,399.39,97.79,0.79,0.62,0,3.17,0.73
lttbsc5r2_sp24,connected,407.99,78.59,0.5,0.44,0,4.45,0.47
lttbsc5r2_sp25,Lamonte,389.33,79.65,0,0,0,8.01,0.54
lttbsc5r2_sp26,Lamonte,380.88,83.79,0,0,0,4.52,0.36
lttbsc5r2_sp27,connected,394.34,89.89,0.77,0.49,160.22,4.43,0.44
lttbsc5r2_sp28,isolated,379.86,98.65,0.59,0.53,0,0,0
lttbsc5r2_sp29,Lamonte,407.84,83.8,0,0,0,0.96,0.33
lttbsc5r2_sp3,connected,380.18,126.25,0.64,0.61,90,3.91,0.59
lttbsc5r2_sp30,Lamonte,384.44,80.23,0,0,0,3.28,0.36
lttbsc5r2_sp31,isolated,385.88,78.75,1.36,0.81,90,0,0
lttbsc5r2_sp32,isolated,406.25,82.35,0.67,0.54,0,0,0
lttbsc5r2_sp33,isolated,401.45,82.27,1.2,0.97,90,0,0
lttbsc5r2_sp34,Lamonte,398.7,81.46,0,0,0,2.94,0.51
lttbsc5r2_sp35,Lamonte,411.85,76.54,0,0,0,0.96,0.67
lttbsc5r2_sp36,Lamonte,412.42,74.65,0,0,0,1.27,0.56
lttbsc5r2_sp37,Lamonte,404.42,67.44,0,0,0,6.5,0.85
lttbsc5r2_sp38,connected,409.56,74.04,0.33,0.24,0,0.45,0.33
lttbsc5r2_sp39,Lamonte,386.94,75.42,0,0,0,8.15,0.47
lttbsc5r2_sp4,Lamonte,380.2,129.38,0,0,0,3.25,0.22
lttbsc5r2_sp40,connected,403.29,72.73,0.67,0.49,68.55,0.92,0.31
lttbsc5r2_sp41,Lamonte,401.67,71.02,0,0,0,2.03,0.19
lttbsc5r2_sp42,connected,391.5,71.71,0.51,0.26,90,0.44,0.26
lttbsc5r2_sp43,connected,387.83,78.88,0.6,0.38,0,0.86,0.16
lttbsc5r2_sp44,Lamonte,395.22,63.94,0,0,0,2.49,0.18
lttbsc5r2_sp45,connected,385.1,66.02,0.58,0.53,0,1.38,0.3
lttbsc5r2_sp46,Lamonte,384.1,61.89,0,0,0,6.47,0.68
lttbsc5r2_sp47,isolated,380.24,59.76,1.07,0.75,90,0,0
lttbsc5r2_sp48,connected,408.01,68.19,0.81,0.79,90,2.07,0.22
lttbsc5r2_sp49,Lamonte,386.16,115.72,0,0,0,3.06,0.24
lttbsc5r2_sp5,isolated,384.49,118.21,0.57,0.38,0,0,0
lttbsc5r2_sp50,Lamonte,380.8,108.22,0,0,0,2.31,0.22
lttbsc5r2_sp51,isolated,417.54,81.87,0.44,0.35,0,0,0
lttbsc5r2_sp6,Lamonte,388.08,118.91,0,0,0,0.96,0.45
lttbsc5r2_sp7,isolated,380.56,117.41,0.62,0.49,90,0,0
lttbsc5r2_sp8,isolated,378.88,117.28,0.56,0.41,0,0,0
lttbsc5r2_sp9,connected,389.25,113.46,0.84,0.63,90,0.9,0.48
lttbsc5r3_sp1,Lamonte,380.43,50.97,0,0,0,5.17,0.56
lttbsc5r3_sp10,Lamonte,389.73,39.89,0,0,0,2.76,0.24
lttbsc5r3_sp11,Lamonte,388.51,40,0,0,0,3.1,0.84
lttbsc5r3_sp2,Lamonte,386.25,53.83,0,0,0,3.2,0.69
lttbsc5r3_sp3,Lamonte,397.78,52.92,0,0,0,1.58,0.49
lttbsc5r3_sp4,Lamonte,407.45,52.07,0,0,0,4.32,0.57
lttbsc5r3_sp5,Lamonte,409.52,47.18,0,0,0,2.29,0.31
lttbsc5r3_sp6,Lamonte,390.65,48.48,0,0,0,2.16,0.29
lttbsc5r3_sp7,isolated,386.7,36.58,0.68,0.61,0,0,0
lttbsc5r3_sp8,isolated,388.81,26.23,1.09,0.69,90,0,0
lttbsc5r3_sp9,isolated,382.25,13.94,0.5,0.48,0,0,0
